-- MySQL dump 10.13  Distrib 8.0.23, for Linux (x86_64)
--
-- Host: localhost    Database: iam
-- ------------------------------------------------------
-- Server version	8.0.23

/*!40101 SET @OLD_CHARACTER_SET_CLIENT=@@CHARACTER_SET_CLIENT */;
/*!40101 SET @OLD_CHARACTER_SET_RESULTS=@@CHARACTER_SET_RESULTS */;
/*!40101 SET @OLD_COLLATION_CONNECTION=@@COLLATION_CONNECTION */;
/*!50503 SET NAMES utf8 */;
/*!40103 SET @OLD_TIME_ZONE=@@TIME_ZONE */;
/*!40103 SET TIME_ZONE='+00:00' */;
/*!40014 SET @OLD_UNIQUE_CHECKS=@@UNIQUE_CHECKS, UNIQUE_CHECKS=0 */;
/*!40014 SET @OLD_FOREIGN_KEY_CHECKS=@@FOREIGN_KEY_CHECKS, FOREIGN_KEY_CHECKS=0 */;
/*!40101 SET @OLD_SQL_MODE=@@SQL_MODE, SQL_MODE='NO_AUTO_VALUE_ON_ZERO' */;
/*!40111 SET @OLD_SQL_NOTES=@@SQL_NOTES, SQL_NOTES=0 */;

--
-- Table structure for table `tbl_acl_permission_categories`
--

DROP TABLE IF EXISTS `tbl_acl_permission_categories`;
/*!40101 SET @saved_cs_client     = @@character_set_client */;
/*!50503 SET character_set_client = utf8mb4 */;
CREATE TABLE `tbl_acl_permission_categories` (
  `id` int NOT NULL AUTO_INCREMENT,
  `name` varchar(45) CHARACTER SET latin1 NOT NULL,
  PRIMARY KEY (`id`)
) ENGINE=InnoDB DEFAULT CHARSET=utf8 COLLATE=utf8_unicode_ci;
/*!40101 SET character_set_client = @saved_cs_client */;

--
-- Dumping data for table `tbl_acl_permission_categories`
--

LOCK TABLES `tbl_acl_permission_categories` WRITE;
/*!40000 ALTER TABLE `tbl_acl_permission_categories` DISABLE KEYS */;
INSERT INTO `tbl_acl_permission_categories` VALUES (1,'Manage User'),(2,'Manage Policy'),(3,'_Others'),(4,'Manage Roles'),(5,'Manage Configs'),(6,'Manage Customer'),(7,'Manage Communication'),(8,'Manage Source'),(9,'Manage Status'),(10,'Manage Finance'),(11,'Manage Tasks'),(12,'Manage Insurance Dashboard'),(13,'Manage Payout Scheme'),(14,'Manage Payout Rules'),(15,'Manage Payout Benefits'),(16,'Manage Payout Dealer Scheme'),(17,'Manage Payout Event'),(18,'Manage Cash Management'),(19,'Health Permission'),(20,'GIBPL LMS'),(21,'Manage Downloads');
/*!40000 ALTER TABLE `tbl_acl_permission_categories` ENABLE KEYS */;
UNLOCK TABLES;

--
-- Table structure for table `tbl_acl_permissions`
--

DROP TABLE IF EXISTS `tbl_acl_permissions`;
/*!40101 SET @saved_cs_client     = @@character_set_client */;
/*!50503 SET character_set_client = utf8mb4 */;
CREATE TABLE `tbl_acl_permissions` (
  `id` int NOT NULL AUTO_INCREMENT,
  `category_id` int NOT NULL,
  `label` varchar(45) CHARACTER SET latin1 COLLATE latin1_swedish_ci NOT NULL,
  `code` varchar(45) CHARACTER SET latin1 NOT NULL,
  `allow_groups` tinyint(1) DEFAULT '0',
  `allowed_group_category` varchar(255) CHARACTER SET latin1 DEFAULT '',
  `rank` int DEFAULT NULL,
  PRIMARY KEY (`id`),
  UNIQUE KEY `code_UNIQUE` (`code`)
) ENGINE=InnoDB AUTO_INCREMENT=169 DEFAULT CHARSET=utf8 COLLATE=utf8_unicode_ci;
/*!40101 SET character_set_client = @saved_cs_client */;

--
-- Dumping data for table `tbl_acl_permissions`
--

LOCK TABLES `tbl_acl_permissions` WRITE;
/*!40000 ALTER TABLE `tbl_acl_permissions` DISABLE KEYS */;
INSERT INTO `tbl_acl_permissions` VALUES (1,2,'Policy List Page','POLICY_LIST_PAGE',1,'_NONE_OF_ABOVE,ROLE_BUSINESS_TYPE,BROKER',1),(2,1,'User List','USER_LIST_PAGE',1,'ROLE_PERMISSIONS,DEALER_USERS,EXTERNAL_USERS,USER_TEAMS,LMS_USER_TYPES',1),(3,1,'Delete User','DELETE_USER',0,'',4),(4,2,'Offline Policy List Page','OFFLINE_POLICY_LIST_PAGE',1,'_NONE_OF_ABOVE,ROLE_BUSINESS_TYPE,BROKER',2),(5,1,'Policy Assign To User','POLICY_ASSIGN_TO_USER',0,'',5),(6,2,'Create Offline Policy','CREATE_OFFLINE_POLICY',0,NULL,3),(7,3,'Work Flow','WORKFLOW',0,'',1),(8,4,'Role List','ROLE_LIST',0,'',1),(9,4,'Role Create','ROLE_CREATE',0,'',2),(10,4,'Role Edit','ROLE_EDIT',0,'',3),(11,5,'Configuration List','CONFIG_LIST',0,'',1),(12,5,'Configuration Add','CONFIG_ADD',0,'',2),(13,5,'Configuration edit','CONFIG_EDIT',0,'',3),(14,1,'Add User','ADD_USER',0,'',2),(15,1,'Edit User','EDIT_USER',0,'',3),(16,6,'Customer List','CUSTOMER_LIST',0,'',1),(17,6,'Add Customer','CUSTOMER_ADD',0,'',2),(18,3,'Upload Bulk Data','UPLOAD_BULK_DATA',0,'',2),(20,7,'Email Template Category List','EMAIL_TEMPLATE_CATEGORY_LIST',0,'',1),(21,7,'Email Template Category Add','EMAIL_TEMPLATE_CATEGORY_ADD',0,'',2),(22,7,'Email Template List','EMAIL_TEMPLATE_LIST',0,'',5),(23,7,'Email Template Add','EMAIL_TEMPLATE_ADD',0,'',5),(24,7,'SMS Template Category List','SMS_TEMPLATE_CATEGORY_LIST',0,'',7),(25,7,'SMS Template Category Add','SMS_TEMPLATE_CATEGORY_ADD',0,'',8),(26,7,'SMS Template List','SMS_TEMPLATE_LIST',0,'',10),(27,7,'SMS Template Add','SMS_TEMPLATE_ADD',0,'',11),(28,7,'Email Template Category Edit','EMAIL_TEMPLATE_CATEGORY_EDIT',0,'',3),(29,7,'Email Template Edit','EMAIL_TEMPLATE_EDIT',0,'',6),(30,7,'SMS Template Category Edit','SMS_TEMPLATE_CATEGORY_EDIT',0,'',9),(31,7,'SMS Template Edit','SMS_TEMPLATE_EDIT',0,'',12),(32,8,'Source List','SOURCE_LIST',0,'',1),(33,8,'Sub Source List','SUB_SOURCE_LIST',0,'',5),(34,8,'Source Delete','SOURCE_DELETE',0,'',4),(35,8,'Source Edit','SOURCE_EDIT',0,'',3),(36,8,'Sub Source Delete','SUB_SOURCE_DETETE',0,'',8),(37,8,'Sub Source Edit','SUB_SOURCE_EDIT',0,'',7),(38,8,'Source Add','SOURCE_ADD',0,'',2),(39,8,'Sub Source Add','SUB_SOURCE_ADD',0,'',6),(40,9,'Status List','STATUS_LIST',0,'',1),(41,9,'Status Add','STATUS_ADD',0,'',2),(42,9,'Status Edit','STATUS_EDIT',0,'',3),(43,9,'Status Delete','STATUS_DELETE',0,'',4),(44,9,'Sub Status List','SUB_STATUS_LIST',0,'',5),(45,9,'Sub Status Add','SUB_STATUS_ADD',0,'',6),(46,9,'Sub Status Edit','SUB_STATUS_EDIT',0,'',7),(47,9,'Sub Status Delete','SUB_STATUS_DELETE',0,'',8),(48,10,'Recon','RECON_VERIFY',0,'',1),(49,10,'Invoice','INVOICE_VERIFY',0,'',3),(50,10,'Recon List','RECON_LIST',0,'',2),(51,11,'Endorsement List','ENDORSEMENT_LIST',1,'ROLE_BUSINESS_TYPE,_NONE_OF_ABOVE',1),(52,3,'Task Type List','TASK_TYPE_LIST',0,'',3),(53,11,'Add Task','ADD_TASK',0,'',2),(54,12,'Insurance Dashboard','INSURANCE_DASHBOARD',1,'_NONE_OF_ABOVE,ROLE_BUSINESS_TYPE,BROKER,DEALERS',4),(56,12,'Policy Team Dashboard','POLICY_TEAM_DASHBOARD',1,'SALES_TEAM_DASHBOARD,DEALER_USERS',5),(57,4,'Role Add','ROLE_ADD',0,'',3),(58,2,'Download Policy','DOWNLOAD_POLICY',0,'',7),(59,12,'View Premiums on Insurance Dashboard','PREMIUM_ON_INSURANCE_DASHBOARD',0,'',5),(60,2,'Update Policy Temp Number','UPDATE_POLICY_TEMP_NUMBER',0,'',10),(61,2,'Change Policy Status','CHANGE_POLICY_STATUS',0,'',8),(62,2,'Edit Policy Details','EDIT_POLICY_DETAILS',0,'',9),(63,2,'Uploading/Reuploading Documents (including ma','UPLOAD_DOCUMENTS',0,'',10),(64,12,'View Assignment Detail on Insurance Dashboard','ASSIGNMENT_ON_INSURANCE_DASHBOARD',0,'',5),(65,1,'User Attendence','USER_LIST_ATTENDENCE',0,'',5),(66,1,'Change User Status(Active/De-active)','CHANGE_USER_STATUS',0,'',6),(67,2,'Update Policy Dealer','UPDATE_POLICY_DEALERS',1,'ROLE_PERMISSIONS',9),(68,2,'Cheque cash payment detail','CHEQUE_CASH_PAYMENT_DETAIL',1,'ROLE_PERMISSIONS',8),(69,11,'Support List','SUPPORT_LIST',0,'',NULL),(70,2,'Offline Quotes Request List Page','G_OFFLINE_POLICY_LIST_PAGE',1,'_NONE_OF_ABOVE,ROLE_BUSINESS_TYPE,BROKER',2),(71,18,'Cash Recon List','CASH_RECON_LIST',0,'',NULL),(72,2,'AM Tabular Data','AM_TABULAR_DATA',0,'',NULL),(73,2,'Download Offline Policy','DOWNLOAD_OFFLINE_POLICY',0,'',8),(75,2,'Download Gcloud Offline Policy','DOWNLOAD_G_OFFLINE_POLICY',0,'',2),(76,2,'Mark Verified','MARK_VERIFIED',0,'',10),(77,5,'City Region Mapping','ADD_CITY_REGION_MAPPING',0,'',2),(78,12,'Show \"Assigned to\"','SHOW_ASSIGNED_TO',0,'',6),(79,2,'Communnication Enable ','COMMUNICATION_ENABLE',0,'',11),(80,2,'Task Enable ','TASK_ENABLE',0,'',12),(81,2,'Resend Link ','RESEND_LINK',0,'',13),(82,2,'Image Download ','IMAGE_DOWNLOAD',0,'',14),(83,2,'Image Verification Action ','IMAGE_VERIFICATION_ACTION',0,'',15),(84,2,'Verify Button ','VERIFY_BUTTON',0,'',16),(85,2,'Close Button ','CLOSE_BUTTON',0,'',17),(86,2,'Resubmit Proposal ','RESUBMIT_PROPOSAL',0,'',18),(87,2,'Inspection Download ','INSPECTION_DOWNLOAD',0,'',19),(88,2,'Inspection Reupload ','INSPECTION_REUPLOAD',0,'',20),(89,2,'Inspection View ','INSPECTION_VIEW',0,'',21),(90,2,'Send Email ','SEND_EMAIL',0,'',22),(91,2,'Send SMS ','SEND_SMS',0,'',23),(92,2,'Cash Payment Status ','CASH_PAYMENT_STATUS',0,'',24),(93,2,'Detail Edit ','DETAIL_EDIT',0,'',25),(94,2,'Quote Summary Edit ','QUOTE_SUMMARY_EDIT',0,'',26),(95,2,'Assigned To ','ASSIGNED_TO',0,'',27),(97,2,'Payment Details Download Policy ','PAYMENT_DETAIL_DOWNLOAD_POLICY',0,'',28),(98,2,'Claim Details','CLAIM_DETAILS',0,'',29),(99,2,'Sync Policy Doc','SYNC_POLICY_DOC',0,'',11),(100,2,'RH Approval Policies List','RH_APPROVAL_POLICIES_LIST',0,'',30),(102,2,'Upload Policy Doc  File','UPDATE_POLICY_DOCS',0,'',12),(103,19,'Health Offline','HEALTH_OFFLINE',0,'',100),(104,2,'Mark For proposal Resubmit','MARK_FOR_RESUBMIT_PROPOSAL',0,'',1),(105,5,'Irda Payout Mapping','IRDA_PAYOUT_MAPPING',0,'',2),(106,2,'Edit Offline Policy Details','EDIT_OFF_POLICY_DETAILS',0,'',9),(107,2,'Mark Payment Failed','MARK_PAYMENT_FAILED',0,'',1),(108,2,'Upload Claim Report','UPLOAD_CLAIM_REPORT',0,'',NULL),(109,2,'Upload GCD IDs','UPLOAD_GCD_IDS',0,'',NULL),(112,2,'Repush To Bajaj','REPUSH_TO_BAJAJ',0,'',1),(113,2,'DOWNLOAD HEALTH POLICY','DOWNLOAD_HEALTH_POLICY',0,'',8),(114,2,'LIST HEALTH POLICY','LIST_HEALTH_POLICY',0,'',8),(115,2,'CREATE HEALTH POLICY','CREATE_HEALTH_POLICY',0,'',8),(116,11,'Add Additional Details','ADD_ADDITIONAL_DETAILS',0,'',2),(117,2,'DOWNLOAD HEALTH OFFLINE POLICY','DOWNLOAD_HEALTH_OFFLINE_POLICY',0,'',8),(118,2,'LIST HEALTH OFFLINE POLICY','LIST_HEALTH_OFFLINE_POLICY',1,'_NONE_OF_ABOVE,ROLE_BUSINESS_TYPE',8),(119,2,'CREATE HEALTH OFFLINE POLICY','CREATE_HEALTH_OFFLINE_POLICY',0,'',8),(121,12,'Health Insurance Dashboard','HEALTH_INSURANCE_DASHBOARD',0,'',4),(122,2,'Decrypt Customer Details','DECRYPT_CUSTOMER_DETAILS',0,'',NULL),(123,2,'HEALTH ONLINE POLICY DISPLAY','HEALTH_ONLINE_POLICY_DISPLAY',0,'',8),(124,2,'Move Live Images','MOVE_LIVE_IMAGES',0,'',NULL),(125,12,'HEALTH BUSINESS TRACKER','HEALTH_BUSINESS_TRACKER',0,'',8),(126,2,'Create Off Motor Policy','CREATE_OFF_MOTOR_POLICY',0,'',NULL),(127,2,'Off Motor Policy All List','OFF_MOTOR_ALL_POLICY_LIST',0,'',NULL),(128,2,'Off Motor Download Policy','OFF_MOTOR_DOWNLOAD_POLICY',0,'',NULL),(129,2,'Off Motor Policy Detail','OFF_MOTOR_POLICY_DETAIL',0,'',NULL),(130,2,'HEALTH BOOKED LEAD CANCEL','HEALTH_BOOKED_LEAD_CANCEL',0,'',8),(131,2,'HEALTH EDIT OFFLINE BOOKED POLICY','HEALTH_EDIT_OFFLINE_BOOKED_POLICY',0,'',8),(134,20,'Dashboard','LMS_DASHBOARD',0,'',NULL),(136,20,'Download Insurance Policy','LMS_DOWNLOAD_INSURANCE_POLICY',0,'',NULL),(137,20,'Health Policy List','LMS_HEALTH_POLICY_LIST',1,'OPERATION_BUCKET',NULL),(138,2,'HEALTH DOC SYNC','HEALTH_DOC_SYNC',0,'',8),(140,20,'Term Policy List','TERM_POLICY_LIST',1,'TERM_BUCKET',NULL),(141,20,'Campaign Name','LMS_CAMPAIGN_NAME',0,'',NULL),(142,2,'HEALTH B2C POLICY DISPLAY','HEALTH_B2C_POLICY_DISPLAY',0,'',8),(143,2,'DOWNLOAD LIFE POLICY','DOWNLOAD_LIFE_POLICY',0,'',24),(144,2,'LIST LIFE POLICY','LIST_LIFE_POLICY',1,'_NONE_OF_ABOVE,ROLE_BUSINESS_TYPE',24),(145,2,'CREATE LIFE POLICY','CREATE_LIFE_POLICY',0,'',24),(146,2,'Life Insurance Policy Detail','INS_LIFE_POLICY_DETAIL',0,'',NULL),(147,2,'Life Cancel Booked Policy','LIFE_CANCEL_BOOKED_POLICY',0,'',NULL),(150,12,'Supprot documents upload','SUPPORT_DOCUMENTS_UPLOAD',0,'',4),(151,21,'Download Motor Policy','DOWNLOAD_MOTOR_POLICY',1,'MOTOR_MIS_MAX_DAYS,MOTOR_MIS_FEILDS,MOTOR_MIS_FEILDS_QUOTE,MOTOR_MIS_FEILDS_PRPSL,MOTOR_MIS_FEILDS_FLAG,MOTOR_MIS_FEILDS_PAYMENT,MOTOR_MIS_FEILDS_MMV,MOTOR_MIS_FEILDS_SFA',1),(153,21,'Download Non Motor Policy','DOWNLOAD_NON_MOTOR_POLICY',1,'NON_MOTOR_MIS_MAX_DAYS,NON_MOTOR_MIS_FEILDS,NON_MOTOR_MIS_TICKET_TYPE',1),(154,21,'Download Motor Offline Policy','DOWNLOAD_MOTOR_OFFLINE_POLICY',1,'MOTOR_MIS_MAX_DAYS,MOTOR_MIS_FEILDS_BASIC,MOTOR_MIS_FEILDS_SFA',3),(156,11,'Support/Endorsement T&C','SUPPORT_ENDORSEMENT_TERM_COND',0,'',1),(157,11,'Create Health Endorsement','CREATE_HEALTH_ENDORSEMENT',0,'',20),(158,21,'Download Motor Offline Quote Policy','DOWNLOAD_MOTOR_OFFLINE_QUOTE_POLICY',1,'MOTOR_MIS_MAX_DAYS,MOTOR_MIS_FEILDS_BASIC,MOTOR_MIS_FEILDS_SFA',4),(159,3,'Dealer Mapping','DEALER_MAPPING_LIST',0,'',7),(166,21,'Download Endorsement','DOWNLOAD_ENDORSEMENT',1,'MOTOR_MIS_MAX_DAYS,ENDORSEMENT_MIS_FEILDS,ENDORSEMENT_SPECIFIC_MIS_FEILDS',2),(167,21,'Download Support','DOWNLOAD_SUPPORT',1,'MOTOR_MIS_MAX_DAYS,ENDORSEMENT_MIS_FEILDS,SUPPORT_SPECIFIC_MIS_FEILDS',3),(168,2,'LIFE UPDATE PAYMENT REMINDER','LIFE_UPDATE_PAYMENT_REMINDER',0,'',8);
/*!40000 ALTER TABLE `tbl_acl_permissions` ENABLE KEYS */;
UNLOCK TABLES;

--
-- Table structure for table `tbl_acl_role_permissions`
--

DROP TABLE IF EXISTS `tbl_acl_role_permissions`;
/*!40101 SET @saved_cs_client     = @@character_set_client */;
/*!50503 SET character_set_client = utf8mb4 */;
CREATE TABLE `tbl_acl_role_permissions` (
  `id` int NOT NULL AUTO_INCREMENT,
  `role_id` int NOT NULL,
  `permission_id` int NOT NULL,
  PRIMARY KEY (`id`)
) ENGINE=InnoDB DEFAULT CHARSET=utf8 COLLATE=utf8_unicode_ci;
/*!40101 SET character_set_client = @saved_cs_client */;

--
-- Dumping data for table `tbl_acl_role_permissions`
--

LOCK TABLES `tbl_acl_role_permissions` WRITE;
/*!40000 ALTER TABLE `tbl_acl_role_permissions` DISABLE KEYS */;
INSERT INTO `tbl_acl_role_permissions` VALUES (1,51,1),(2,51,4),(3,51,6),(4,51,54),(5,45,19),(6,58,48),(7,58,50),(8,58,49),(9,58,1),(10,58,4),(11,58,6),(13,58,54),(14,58,58),(15,58,8),(16,58,9),(17,58,57),(18,58,10),(19,58,51),(20,58,14),(21,58,2),(22,45,5),(23,58,5),(24,52,48),(25,52,50),(26,52,49),(27,47,1),(28,47,4),(29,47,6),(30,47,54),(31,60,1),(32,60,4),(33,60,6),(34,60,54),(35,60,48),(36,60,50),(37,60,49),(38,61,1),(42,61,54),(44,61,51),(45,61,53),(46,62,1),(51,62,53),(52,63,1),(53,62,2),(55,61,2),(56,61,5),(57,50,1),(58,50,54),(59,49,1),(60,49,54),(61,48,1),(62,48,54),(64,60,58),(66,1417,1),(67,1423,1),(68,1423,54),(69,1423,56),(70,1423,4),(71,1421,1),(72,1421,54),(73,1416,54),(74,1416,56),(75,1417,54),(76,1417,56),(77,1426,1),(78,1426,54),(79,1425,1),(80,1425,54),(81,1425,56),(82,1418,1),(83,1418,54),(84,1418,56),(85,1418,58),(87,1425,58),(88,1416,1),(89,1416,58),(90,1428,72),(91,1428,73),(92,1429,69),(93,1429,70),(94,1429,71),(95,1429,66),(96,1429,67),(97,1429,68),(98,1429,63),(99,1429,64),(100,1429,65),(101,1429,54),(102,1430,54),(103,1428,54),(106,1428,74),(107,41,1),(108,41,4),(109,41,6),(110,41,58),(111,41,62),(112,41,61),(113,41,40),(114,41,41),(115,41,42),(116,41,43),(117,41,44),(118,41,45),(119,41,46),(120,41,47),(121,41,2),(122,41,14),(123,41,15),(124,41,3),(126,41,5),(127,41,53),(128,41,8),(129,41,57),(130,41,10),(131,41,9),(132,41,32),(133,41,38),(134,41,35),(135,41,33),(136,41,34),(137,41,39),(138,41,37),(139,41,36),(140,41,52),(141,41,18),(142,41,7),(143,41,51),(144,41,54),(146,41,68),(147,41,67),(149,1435,1),(150,1435,4),(151,1435,6),(152,1435,58),(153,1435,61),(154,1435,62),(155,1435,54),(156,1435,59),(157,1435,5),(158,1435,65),(159,1435,3),(160,1435,15),(161,1435,14),(162,1435,2),(163,1415,54),(164,1415,56),(165,1415,59),(166,1415,64),(167,40,59),(168,40,54),(169,40,11),(170,40,12),(171,40,13),(172,1417,72),(173,1418,72),(174,1416,72),(175,1425,72),(176,41,73),(177,1436,1),(178,1433,54),(179,1433,64),(180,1433,59),(182,1433,75),(183,1433,70),(184,1433,4),(185,1433,6),(186,1433,58),(187,1433,73),(188,1433,68),(190,1433,1),(196,41,70),(197,41,77),(198,41,12),(199,41,11),(200,41,13),(207,61,70),(209,61,59),(210,61,56),(211,61,64),(212,61,78),(213,62,54),(214,61,4),(215,62,4),(217,58,78),(220,58,70),(221,58,75),(222,58,61),(223,58,73),(224,58,62),(225,58,63),(227,62,59),(231,1437,1),(232,1437,54),(233,1437,56),(234,62,5),(235,1424,54),(236,1424,1),(238,1434,4),(239,1424,70),(241,1424,6),(243,1424,4),(343,1431,1),(344,1431,4),(345,1415,1),(349,62,95),(350,62,94),(352,62,92),(353,62,91),(354,62,90),(355,62,89),(356,62,88),(357,62,87),(358,62,86),(359,62,85),(360,62,84),(362,62,82),(363,62,81),(364,62,80),(365,62,79),(366,62,76),(367,62,63),(368,62,60),(369,62,97),(370,62,98),(371,41,100),(373,1417,64),(374,1417,59),(375,1417,78),(376,1417,4),(377,1417,75),(381,1417,61),(382,1417,62),(406,1417,100),(410,62,72),(411,62,70),(412,62,75),(413,62,100),(414,62,61),(416,58,107),(417,1417,6),(418,62,6),(420,1434,54),(421,1434,56),(422,41,108),(423,41,104),(424,41,107),(425,41,75),(426,41,72),(427,41,106),(428,41,76),(433,41,63),(434,40,1),(437,62,69),(438,1417,108),(439,1417,107),(440,1417,104),(441,1417,58),(442,1417,73),(443,1417,106),(444,1417,63),(445,1417,60),(446,1417,79),(447,1417,76),(448,1417,99),(449,1417,102),(450,1417,80),(451,1417,81),(452,1417,83),(453,1417,82),(454,1417,84),(455,1417,85),(456,62,51),(457,62,41),(458,62,40),(459,62,42),(460,62,43),(461,62,44),(462,62,45),(463,62,46),(464,62,47),(465,1434,114),(466,1434,113),(467,1434,115),(470,1424,73),(471,1424,61),(472,1424,113),(473,1424,115),(474,1424,114),(475,1417,114),(476,1434,118),(477,1424,118),(478,1425,114),(479,1425,118),(480,1417,118),(481,1415,118),(482,1415,114),(484,1421,118),(486,1421,114),(488,1439,114),(489,1439,117),(490,1439,113),(491,1439,119),(492,1439,115),(493,1439,54),(495,1417,70),(496,1439,118),(498,62,122),(499,1417,121),(500,1417,120),(501,1415,121),(502,1415,120),(503,62,121),(504,62,64),(505,62,114),(506,62,117),(507,62,113),(508,62,118),(510,1440,118),(511,1440,114),(512,1440,117),(513,1440,113),(514,1440,119),(515,1440,115),(516,1440,61),(521,1440,95),(532,1440,121),(534,1440,102),(535,1440,63),(545,1440,2),(546,1440,5),(547,1439,123),(549,1415,123),(550,58,121),(551,58,59),(552,58,64),(553,58,125),(554,58,128),(555,58,127),(556,58,129),(557,58,126),(558,58,100),(560,1440,103),(562,1440,130),(564,1440,125),(566,41,131),(568,1440,131),(573,1441,132),(575,1441,135),(576,1441,136),(577,1445,135),(578,1445,132),(579,1446,135),(580,1446,132),(581,1447,135),(582,1447,132),(583,1449,135),(584,1449,132),(585,1448,132),(586,1448,135),(587,1450,132),(588,1450,135),(589,1451,135),(590,1451,132),(591,1452,135),(592,1452,132),(593,1453,135),(594,1453,132),(595,1441,133),(597,1453,134),(598,1441,134),(600,1441,54),(601,1454,118),(602,1454,54),(603,1453,123),(604,1454,123),(605,1453,139),(606,1455,139),(607,1455,132),(608,1455,135),(609,1441,137),(610,1441,140),(614,1441,123),(615,1455,123),(616,1455,2),(618,1441,61),(619,1441,141),(624,1444,140),(625,1440,144),(626,1440,145),(630,1440,123),(631,1441,144),(632,1441,145),(633,1441,146),(634,1441,147),(635,1441,113),(636,1441,117),(637,1441,119),(638,1441,115),(639,1441,118),(640,1441,138),(641,1441,114),(642,1441,63),(645,1455,140),(646,1455,137),(647,1455,103),(648,1455,58),(650,1455,102),(651,1455,63),(653,1455,71),(654,1424,2),(655,1456,134),(656,1456,137);
/*!40000 ALTER TABLE `tbl_acl_role_permissions` ENABLE KEYS */;
UNLOCK TABLES;

--
-- Table structure for table `tbl_acl_role_user`
--

DROP TABLE IF EXISTS `tbl_acl_role_user`;
/*!40101 SET @saved_cs_client     = @@character_set_client */;
/*!50503 SET character_set_client = utf8mb4 */;
CREATE TABLE `tbl_acl_role_user` (
  `id` int NOT NULL AUTO_INCREMENT,
  `role_id` int NOT NULL,
  `user_id` int NOT NULL,
  `created_at` timestamp NOT NULL DEFAULT '0000-00-00 00:00:00',
  `modified_at` timestamp NOT NULL DEFAULT CURRENT_TIMESTAMP,
  `status` tinyint(1) NOT NULL DEFAULT '1',
  PRIMARY KEY (`id`)
) ENGINE=InnoDB AUTO_INCREMENT=4 DEFAULT CHARSET=utf8 COLLATE=utf8_unicode_ci;
/*!40101 SET character_set_client = @saved_cs_client */;

--
-- Dumping data for table `tbl_acl_role_user`
--

LOCK TABLES `tbl_acl_role_user` WRITE;
/*!40000 ALTER TABLE `tbl_acl_role_user` DISABLE KEYS */;
INSERT INTO `tbl_acl_role_user` VALUES (3,48,2309,'2021-05-24 05:39:10','2021-05-24 05:39:10',1);
/*!40000 ALTER TABLE `tbl_acl_role_user` ENABLE KEYS */;
UNLOCK TABLES;

--
-- Table structure for table `tbl_acl_roles`
--

DROP TABLE IF EXISTS `tbl_acl_roles`;
/*!40101 SET @saved_cs_client     = @@character_set_client */;
/*!50503 SET character_set_client = utf8mb4 */;
CREATE TABLE `tbl_acl_roles` (
  `id` int NOT NULL AUTO_INCREMENT,
  `name` varchar(255) CHARACTER SET latin1 NOT NULL,
  `description` text CHARACTER SET latin1,
  `product_id` int NOT NULL,
  `ticket_type_id` varchar(50) CHARACTER SET latin1 NOT NULL,
  `role_type_id` int DEFAULT '0',
  `aggregator_id` int DEFAULT NULL,
  `blocked_ips` text CHARACTER SET latin1,
  `whitelist_ips` text CHARACTER SET latin1,
  `created_at` timestamp NOT NULL DEFAULT '0000-00-00 00:00:00',
  `modified_at` timestamp NOT NULL DEFAULT CURRENT_TIMESTAMP,
  `created_by` int NOT NULL DEFAULT '0',
  `status` tinyint(1) NOT NULL DEFAULT '1',
  `auto_active_user` tinyint(1) NOT NULL DEFAULT '0',
  `is_deleted` tinyint(1) NOT NULL DEFAULT '0',
  `is_root` tinyint(1) DEFAULT '1',
  `parent_role_id` int DEFAULT NULL,
  `is_read_only` tinyint(1) NOT NULL DEFAULT '0',
  `sales_role_id` varchar(50) CHARACTER SET latin1 DEFAULT NULL,
  `mapped_subsorce_id` varchar(255) CHARACTER SET latin1 DEFAULT NULL,
  PRIMARY KEY (`id`)
) ENGINE=InnoDB DEFAULT CHARSET=utf8 COLLATE=utf8_unicode_ci;
/*!40101 SET character_set_client = @saved_cs_client */;

--
-- Dumping data for table `tbl_acl_roles`
--

LOCK TABLES `tbl_acl_roles` WRITE;
/*!40000 ALTER TABLE `tbl_acl_roles` DISABLE KEYS */;
INSERT INTO `tbl_acl_roles` VALUES (1,'Admin','This admin role is for RSA Service.',2,'6',0,NULL,'','','2016-06-05 17:09:31','2017-03-09 23:36:01',72,1,0,0,1,NULL,0,NULL,NULL),(8,'Vendors','vendor have some permissions.',1,'1',0,NULL,'','','2016-06-15 02:53:08','2017-03-09 23:35:49',1,1,0,0,1,NULL,0,NULL,NULL),(9,'Manager','',2,'3',0,NULL,'','','2016-06-22 23:31:04','2017-03-09 23:35:38',72,1,0,0,1,NULL,0,NULL,NULL),(13,'Guest','Guest Role for access basic information.',2,'0',0,NULL,NULL,NULL,'2016-06-26 19:27:59','2016-08-21 23:15:14',1,1,0,0,1,NULL,0,NULL,NULL),(16,'User','',1,'0',0,NULL,NULL,NULL,'2016-07-03 19:21:37','2016-07-03 19:28:19',1,1,0,0,1,NULL,0,NULL,NULL),(18,'ManagerRSA','',2,'3',0,NULL,'','','2016-07-07 23:06:33','2017-03-09 23:35:15',1,1,0,0,1,NULL,0,NULL,NULL),(19,'Dispacher',NULL,2,'0',0,NULL,NULL,NULL,'2016-07-07 23:11:08','2016-07-07 23:11:08',1,1,0,0,1,NULL,0,NULL,NULL),(20,'Telecaller','',2,'3',0,NULL,'','','2016-07-07 23:11:23','2017-03-09 23:35:02',1,1,0,0,1,NULL,0,NULL,NULL),(21,'NEwUserRole','test role rsa',2,'0',0,NULL,NULL,NULL,'2016-07-19 19:28:30','2016-07-19 19:28:30',1,1,0,0,1,NULL,0,NULL,NULL),(22,'TestingNewRoleVineet','New Role for testing',2,'0',0,NULL,NULL,NULL,'2016-07-19 20:39:52','2016-07-19 20:39:52',72,1,0,0,1,NULL,0,NULL,NULL),(23,'Developer','Developer Testing',2,'0',0,NULL,NULL,NULL,'2016-07-20 22:45:17','2016-07-20 22:45:17',1,1,0,0,1,NULL,0,NULL,NULL),(24,'RSATeamLead','',2,'3',0,NULL,'','','2016-08-30 21:14:09','2017-03-09 21:16:50',72,1,0,0,1,NULL,0,NULL,NULL),(25,'RSAAgentRole','This agent role is for RSA Service.',2,'3',0,NULL,'','','2016-08-31 00:06:13','2017-03-09 23:28:08',72,1,0,0,1,NULL,0,NULL,NULL),(26,'RSACardActivation','He will activate rsa card and get customer search',2,'3',0,NULL,'','','2016-09-08 19:24:04','2017-03-09 23:33:36',72,1,0,0,1,NULL,0,NULL,NULL),(27,'RSAToken','',2,'3',0,NULL,'','','2016-10-03 02:29:14','2017-03-09 23:33:43',72,1,0,0,1,NULL,0,NULL,NULL),(28,'InsuranceManager','',1,'1',0,NULL,'','','2016-10-03 23:02:31','2017-03-09 23:33:51',72,1,0,0,1,NULL,0,NULL,NULL),(29,'AutoFinanceProduct','',3,'4',0,NULL,'','','2016-12-07 07:25:03','2017-03-09 23:34:15',72,1,0,0,1,NULL,0,NULL,NULL),(30,'TwoWheelerFinance','two wheeler finance',3,'5',0,NULL,NULL,'','2016-12-15 23:01:29','2016-12-15 23:01:29',72,1,0,0,1,NULL,0,NULL,NULL),(31,'TwoWheelerFinanceAdmin','',3,'5',0,NULL,'','','0000-00-00 00:00:00','2017-03-09 23:34:01',0,1,0,0,1,NULL,0,NULL,NULL),(32,'B2BWarrantyProcessAgent','B2B Warranty Process Agent',2,'6',0,NULL,'','','2017-02-03 02:05:00','2017-03-09 23:33:00',72,1,0,0,1,NULL,0,NULL,NULL),(33,'RSAB2BWarrantyAgent','RSA + B2B Warranty Process Agent',2,'6',0,NULL,'','','2017-02-03 02:20:55','2017-03-09 23:33:14',72,1,0,0,1,NULL,0,NULL,NULL),(34,'RSASRVIew','Can only view Service Requests',2,'3',0,NULL,'','','2017-02-20 20:31:49','2017-03-09 23:32:52',72,1,0,0,1,NULL,0,NULL,NULL),(35,'ExideViewOnly','',2,'6',0,NULL,'','','2017-02-22 00:43:45','2017-03-09 23:32:48',72,1,0,0,1,NULL,0,NULL,NULL),(36,'B2BPartnerCards','',2,'3',0,NULL,NULL,NULL,'2017-03-21 02:27:01','2017-03-21 02:27:01',72,1,0,0,1,NULL,0,NULL,NULL),(37,'Team Lead','Team Lead',3,'5',0,NULL,'','','2017-03-22 23:08:27','2017-05-04 19:56:07',239,1,0,0,1,NULL,0,NULL,NULL),(38,'Ticket Agent','Ticket Agent',1,'7',0,NULL,NULL,NULL,'2017-03-23 19:35:50','2017-03-23 19:35:50',72,1,0,0,1,NULL,0,NULL,NULL),(39,'Broker','',1,'7',2,NULL,'','','2017-03-27 20:16:20','2018-04-05 05:04:25',72,1,0,0,1,NULL,0,NULL,NULL),(40,'QC Team','',1,'7',2,NULL,'','','2017-03-27 21:58:31','2018-04-05 05:03:59',72,1,0,0,0,41,0,NULL,NULL),(41,'UCD Manager','',1,'7',2,NULL,'','','2017-03-27 22:33:20','2019-03-20 01:31:25',72,1,0,0,1,NULL,0,NULL,''),(42,'FourWheelerAdmin',NULL,3,'4',0,NULL,NULL,NULL,'2017-04-04 19:18:51','2017-04-04 19:18:51',72,1,0,0,1,NULL,0,NULL,NULL),(43,'Broker Management Team','',1,'7',2,NULL,'','','2017-04-06 20:30:28','2018-04-05 05:03:41',794,1,0,0,0,41,0,NULL,NULL),(44,'Yamaha',NULL,2,'2',0,NULL,NULL,NULL,'2017-05-05 01:44:54','2017-05-05 01:44:54',72,1,0,0,1,NULL,0,NULL,NULL),(45,'OfflineQuotes','OfflineQuotes',1,'8',2,NULL,'','','2017-05-29 03:24:51','2018-04-05 04:56:31',72,1,0,0,1,NULL,0,NULL,NULL),(46,'Ops Manager','Ops Manager',3,'5',0,NULL,NULL,NULL,'2017-09-14 01:56:07','2017-09-14 01:56:07',239,1,0,0,1,NULL,0,NULL,NULL),(47,'AgencyManager','AgencyManager',1,'7',3,NULL,'','','2017-11-06 23:38:39','2018-04-05 04:54:33',794,1,0,0,1,NULL,0,NULL,NULL),(48,'CallcenterManager','CallcenterManager',1,'7',1,NULL,'','','2017-11-06 23:40:09','2018-04-05 04:54:24',794,1,0,0,1,NULL,0,NULL,NULL),(49,'B2cManager','B2cManager',1,'7',6,NULL,'','','2017-12-28 03:46:29','2018-04-05 04:54:11',794,1,0,0,1,NULL,0,NULL,NULL),(50,'NcdManager','NcdManager',1,'7',5,NULL,'','','2017-12-28 03:47:03','2018-04-05 04:53:59',794,1,0,0,1,NULL,0,NULL,NULL),(51,'AgencyManagerOffline','AgencyManagerOffline',1,'8',3,NULL,'','','2018-02-05 19:23:27','2018-04-05 04:53:13',794,1,0,0,1,NULL,0,NULL,NULL),(52,'Finance','Finance',1,'7',2,NULL,'','','2018-02-07 22:27:53','2018-04-05 04:52:54',794,1,0,0,1,NULL,0,NULL,NULL),(58,'Admin','insurance admin',1,'7',2,NULL,'','','2018-04-05 05:24:17','2018-12-11 06:58:33',794,1,0,0,1,NULL,0,'0','4'),(60,'AgencyFinance','AgencyFinance',1,'7',3,NULL,NULL,NULL,'2018-04-05 05:58:30','2018-04-05 05:58:30',794,1,0,0,1,NULL,0,'0',NULL),(61,'UcdLead','lead ucd team',1,'7',2,NULL,NULL,NULL,'2018-04-05 06:04:20','2018-04-05 06:04:20',794,1,0,0,1,NULL,0,'0',NULL),(62,'Ucd Executive',NULL,1,'7',2,NULL,NULL,NULL,'2018-04-05 06:13:34','2018-04-05 06:13:34',794,1,0,0,1,NULL,0,'0',NULL),(63,'Coverfox Admin',NULL,1,'7',2,NULL,NULL,NULL,'2018-04-05 06:21:40','2018-04-05 06:21:40',794,1,0,0,1,NULL,0,'0',NULL),(1415,'Area Manager ','Created For Sales Teams',1,'1',2,NULL,NULL,NULL,'2018-04-13 00:41:45','2021-04-22 06:38:26',0,1,0,0,1,NULL,1,'19',NULL),(1416,'Territory Head ','Created For Sales Teams',1,'1',2,NULL,NULL,NULL,'2018-04-13 00:41:45','2021-04-22 06:38:25',0,1,0,0,1,NULL,1,'7',NULL),(1417,'Regional Head ','Created For Sales Teams',1,'1',2,NULL,NULL,NULL,'2018-04-13 00:41:45','2021-04-22 06:38:26',0,1,0,0,1,NULL,1,'18',NULL),(1418,'National Head','Created For Sales Teams',1,'1',2,NULL,NULL,NULL,'2018-04-13 00:41:45','2021-04-22 06:38:26',0,1,0,0,1,NULL,1,'31',NULL),(1419,'Head Partner Strategy and Planning','Created For Sales Teams',1,'1',2,NULL,NULL,NULL,'2018-04-13 00:41:45','2019-10-25 05:47:44',0,1,0,0,1,NULL,1,'38',NULL),(1420,'Dy Business Manager ','Created For Sales Teams',1,'1',2,NULL,NULL,NULL,'2018-04-13 00:41:45','2019-07-08 04:20:39',0,1,0,0,1,NULL,1,'21',NULL),(1421,'CEO','Created For Sales Teams',1,'1',2,NULL,NULL,NULL,'2018-04-13 00:41:45','2021-04-22 06:38:18',0,1,0,0,1,NULL,1,'33',NULL),(1422,'Dealer Assistant','Created For Sales Teams',1,'1',2,NULL,NULL,NULL,'2018-04-13 00:41:45','2018-04-13 00:41:45',0,1,0,0,1,NULL,1,'44',NULL),(1423,'Digital Consultant ','Created For Sales Teams',1,'1',2,NULL,NULL,NULL,'2018-04-13 00:44:49','2018-04-13 00:44:49',0,1,0,0,1,NULL,1,'22',NULL),(1424,'Business Manager ','Created For Sales Teams',1,'1',2,NULL,NULL,NULL,'2018-04-13 00:44:51','2021-04-22 06:38:26',0,1,0,0,1,NULL,1,'20',NULL),(1425,'Zonal Head ','Created For Sales Teams',1,'1',2,NULL,NULL,NULL,'2018-04-13 00:44:57','2021-04-22 06:38:25',0,1,0,0,1,NULL,1,'17',NULL),(1426,'DC Head','Created For Sales Teams',1,'1',2,NULL,NULL,NULL,'2018-04-13 00:46:23','2018-04-13 00:46:23',0,1,0,0,1,NULL,1,'42',NULL),(1427,'Test Role','Created For Sales Teams',1,'1',2,NULL,NULL,NULL,'2018-04-17 00:51:08','2019-11-06 07:55:25',0,1,0,0,1,NULL,1,'32',NULL),(1428,'Payout Manager','Payout Manager',1,'7',2,NULL,NULL,NULL,'2018-11-01 02:28:00','2018-11-01 02:28:00',794,1,0,0,1,NULL,0,'',NULL),(1429,'Payout Admin','Payout Admin',1,'7',2,NULL,NULL,NULL,'2018-11-01 02:34:03','2018-11-01 02:34:03',794,1,0,0,1,NULL,0,'',NULL),(1430,'Payout Reviewer','Payout Reviewer',1,'7',2,NULL,NULL,NULL,'2018-11-01 02:34:27','2018-11-01 02:34:27',794,1,0,0,1,NULL,0,'',NULL),(1431,'Area Manager (DSA)','Created For Sales Teams',1,'1',2,NULL,NULL,NULL,'2018-11-23 02:04:25','2021-04-22 06:38:27',0,1,0,0,1,NULL,1,'47',NULL),(1432,'Regional Head (DSA)','Created For Sales Teams',1,'1',2,NULL,NULL,NULL,'2018-11-23 02:04:25','2021-04-22 06:38:27',0,1,0,0,1,NULL,1,'46',NULL),(1433,'Test2','Created For Sales Teams',1,'1',2,NULL,NULL,NULL,'2018-11-28 05:59:22','2018-11-28 05:59:22',0,1,0,0,1,NULL,1,'49',NULL),(1434,'Business Manager (DSA)','Created For Sales Teams',1,'1',2,NULL,NULL,NULL,'2018-11-30 06:41:32','2021-04-22 06:38:27',0,1,0,0,1,NULL,1,'48',NULL),(1435,'PosOnlineType','posOnlineType',1,'7',2,NULL,'','','2018-12-11 07:00:33','2018-12-11 07:08:50',794,1,0,0,1,NULL,0,'','2'),(1436,'Posooffline',NULL,1,'7',2,NULL,NULL,NULL,'2019-03-04 05:06:54','2019-03-04 05:06:54',794,1,0,0,1,NULL,0,'','2'),(1437,'NewTest','NewTest',1,'7',2,NULL,NULL,NULL,'2019-03-05 00:34:56','2019-03-05 00:34:56',794,1,0,0,1,NULL,0,'','1,2,3,4,5'),(1438,'National Head (DSA)','Created For Sales Teams',1,'1',2,NULL,NULL,NULL,'2019-07-29 03:28:29','2021-04-22 06:38:26',0,1,0,0,1,NULL,1,'50',''),(1439,'HealthLead','Only Health permissions',1,'11',2,NULL,NULL,NULL,'2020-06-15 07:53:41','2020-06-15 07:53:41',794,1,0,0,1,NULL,0,'',''),(1440,'Health Executive',NULL,1,'10',2,NULL,NULL,NULL,'2020-07-14 05:09:42','2020-07-14 05:09:42',794,1,0,0,1,NULL,0,'',''),(1441,'LMS Administrator','',1,'7',2,NULL,'','','2020-10-19 07:23:33','2020-11-06 06:34:39',794,1,0,0,1,NULL,0,'',''),(1442,'LMS Call center','',1,'7',2,NULL,'','','2020-10-19 07:23:51','2020-10-19 07:24:50',794,1,0,0,1,NULL,0,'',''),(1443,'LMS Tech lead','',1,'7',2,NULL,'','','2020-10-19 07:24:17','2020-10-19 07:24:39',794,1,0,0,1,NULL,0,'',''),(1444,'Lms Agent',NULL,1,'7',2,NULL,NULL,NULL,'2020-10-19 07:24:31','2020-10-19 07:24:31',794,1,0,0,1,NULL,0,'',''),(1445,'LMS Call center head',NULL,1,'7',1,NULL,NULL,NULL,'2020-10-27 01:31:20','2020-10-27 01:31:20',794,1,0,0,1,NULL,0,'',''),(1446,'LMS Call Center Motor Jaipur','',1,'7',1,NULL,'','','2020-10-27 01:31:36','2020-10-27 01:36:16',794,1,0,0,1,NULL,0,'',''),(1447,'LMS Call Center Motor Gurgaon','',1,'7',1,NULL,'','','2020-10-27 01:31:50','2020-10-27 01:36:08',794,1,0,0,1,NULL,0,'',''),(1448,'LMS Call Center Health Gurgaon',NULL,1,'7',1,NULL,NULL,NULL,'2020-10-27 01:36:35','2020-10-27 01:36:35',794,1,0,0,1,NULL,0,'',''),(1449,'LMS Call Center Health Jaipur',NULL,1,'7',1,NULL,NULL,NULL,'2020-10-27 01:36:52','2020-10-27 01:36:52',794,1,0,0,1,NULL,0,'',''),(1450,'LMS Manager Motor Gurgaon',NULL,1,'7',2,NULL,NULL,NULL,'2020-10-27 01:43:51','2020-10-27 01:43:51',794,1,0,0,1,NULL,0,'',''),(1451,'LMS Manager Motor Jaipur',NULL,1,'7',2,NULL,NULL,NULL,'2020-10-27 01:44:03','2020-10-27 01:44:03',794,1,0,0,1,NULL,0,'',''),(1452,'LMS Manager Health Gurgaon',NULL,1,'7',2,NULL,NULL,NULL,'2020-10-27 01:44:17','2020-10-27 01:44:17',794,1,0,0,1,NULL,0,'',''),(1453,'LMS Manager Health Jaipur',NULL,1,'7',2,NULL,NULL,NULL,'2020-10-27 01:44:29','2020-10-27 01:44:29',794,1,0,0,1,NULL,0,'',''),(1454,'Health B2C Manager',NULL,1,'11',6,NULL,NULL,NULL,'2020-11-23 04:42:47','2020-11-23 04:42:47',794,1,0,0,1,NULL,0,'',''),(1455,'LMS Super User','',1,'7',2,NULL,'','','2020-12-08 03:45:24','2021-03-30 06:41:59',794,1,1,0,1,NULL,0,'',''),(1456,'Ttttttdd',NULL,1,'8',1,NULL,NULL,NULL,'2021-03-30 06:44:02','2021-03-30 06:44:02',794,1,1,0,1,NULL,0,'',''),(1457,'Ttttttttt','',1,'8',2,NULL,'','','2021-05-20 05:15:20','2021-05-20 05:15:59',794,1,0,0,1,NULL,0,'','');
/*!40000 ALTER TABLE `tbl_acl_roles` ENABLE KEYS */;
UNLOCK TABLES;

--
-- Table structure for table `tbl_audit_logs`
--

DROP TABLE IF EXISTS `tbl_audit_logs`;
/*!40101 SET @saved_cs_client     = @@character_set_client */;
/*!50503 SET character_set_client = utf8mb4 */;
CREATE TABLE `tbl_audit_logs` (
  `id` int NOT NULL AUTO_INCREMENT,
  `bunch_id` varchar(45) DEFAULT NULL,
  `ref_id` varchar(45) DEFAULT NULL,
  `ticket_id` int DEFAULT NULL,
  `user_id` varchar(45) DEFAULT NULL,
  `table_name` varchar(45) DEFAULT NULL,
  `column_name` varchar(45) DEFAULT NULL,
  `old_value` text,
  `new_value` text,
  `date_time` datetime DEFAULT '0000-00-00 00:00:00',
  `action` varchar(45) DEFAULT NULL,
  PRIMARY KEY (`id`),
  KEY `tbl_audit_logs_column_name` (`column_name`) USING BTREE,
  KEY `tbl_audit_logs_column_name_2` (`column_name`) USING BTREE,
  KEY `tbl_audit_logs_column_name_3` (`column_name`) USING BTREE,
  KEY `tbl_audit_logs_ref_id` (`ref_id`) USING BTREE,
  KEY `tbl_audit_logs_ticket_id` (`ticket_id`) USING BTREE
) ENGINE=InnoDB AUTO_INCREMENT=765558 DEFAULT CHARSET=latin1;
/*!40101 SET character_set_client = @saved_cs_client */;

--
-- Dumping data for table `tbl_audit_logs`
--

LOCK TABLES `tbl_audit_logs` WRITE;
/*!40000 ALTER TABLE `tbl_audit_logs` DISABLE KEYS */;
INSERT INTO `tbl_audit_logs` VALUES (765548,'60ab7a019371b6961c8b457e','2309',NULL,'794','tbl_users','id','','2309','2021-05-24 10:03:45','insert_primary_key'),(765549,'60ab7a019371b6961c8b457e','9785',NULL,'794','tbl_user_groups','id','','9785','2021-05-24 10:03:45','insert_primary_key'),(765550,'60ab7a939371b6971c8b4578','2309',NULL,'794','tbl_users','password','$2y$11$W270quttzmPFy07x7L9PAu4CYpO7KsU2MYc/S7rnRZyT/BKwVt/8G','$2y$11$XUU0hRfXJxAoKyY3m17.V.SEwM32Gb9IYKnOZ5wQaR2EMBg2/WTWu','2021-05-24 10:06:12','postUpdate'),(765551,'60ab7ad09371b6951c8b457b','2309',NULL,'794','tbl_users','password','$2y$11$XUU0hRfXJxAoKyY3m17.V.SEwM32Gb9IYKnOZ5wQaR2EMBg2/WTWu','$2y$11$ZiGurrB00od3Cyrk7e44p.ezDFk7b1HGUxiJqumo2YQZPFVWP6J2G','2021-05-24 10:07:12','postUpdate'),(765553,'60ab7b589371b6011d8b458a','2309',NULL,'794','tbl_users','password','$2y$11$ZiGurrB00od3Cyrk7e44p.ezDFk7b1HGUxiJqumo2YQZPFVWP6J2G','$2y$11$0C15y68gyeLUTyTeUdmoYOXIpOj.Zyso0cHVd6Y36k.8lpTmzaT2O','2021-05-24 10:09:28','postUpdate'),(765555,'60ab7c0e9371b6981c8b4578','2309',NULL,'794','tbl_users','password','$2y$11$0C15y68gyeLUTyTeUdmoYOXIpOj.Zyso0cHVd6Y36k.8lpTmzaT2O','$2y$11$YJEY.UdoU20VuJPRNiqes.lSe7vyBt1D7B6aduf2RWFopka0RQydK','2021-05-24 10:12:30','postUpdate'),(765556,'60ab88ec9371b6011d8b4594','2309',NULL,'794','tbl_users','password','$2y$11$YJEY.UdoU20VuJPRNiqes.lSe7vyBt1D7B6aduf2RWFopka0RQydK','$2y$11$mQ5Yp7AjgcR2ViDgW7KH/eqzVcGbC/oT.xx47YOvb/XyyavA22kky','2021-05-24 11:07:24','postUpdate'),(765557,'60ab89569371b6981c8b4582','2309',NULL,'794','tbl_users','password','$2y$11$mQ5Yp7AjgcR2ViDgW7KH/eqzVcGbC/oT.xx47YOvb/XyyavA22kky','$2y$11$qCyTMTe1J5KctNF6/nmq7epQ4oivK025GDvkrVjxMxx3nnQ5.a/v6','2021-05-24 11:09:10','postUpdate');
/*!40000 ALTER TABLE `tbl_audit_logs` ENABLE KEYS */;
UNLOCK TABLES;

--
-- Table structure for table `tbl_constants`
--

DROP TABLE IF EXISTS `tbl_constants`;
/*!40101 SET @saved_cs_client     = @@character_set_client */;
/*!50503 SET character_set_client = utf8mb4 */;
CREATE TABLE `tbl_constants` (
  `id` int NOT NULL AUTO_INCREMENT,
  `key_name` varchar(255) CHARACTER SET latin1 COLLATE latin1_swedish_ci NOT NULL,
  `value` text CHARACTER SET latin1 NOT NULL,
  `created` timestamp NOT NULL DEFAULT CURRENT_TIMESTAMP,
  PRIMARY KEY (`id`),
  UNIQUE KEY `key_name_UNIQUE` (`key_name`)
) ENGINE=InnoDB AUTO_INCREMENT=9 DEFAULT CHARSET=utf8 COLLATE=utf8_unicode_ci;
/*!40101 SET character_set_client = @saved_cs_client */;

--
-- Dumping data for table `tbl_constants`
--

LOCK TABLES `tbl_constants` WRITE;
/*!40000 ALTER TABLE `tbl_constants` DISABLE KEYS */;
INSERT INTO `tbl_constants` VALUES (1,'ENC_DEC_AUTH_TOKEN','eyJhbGciOiJIUzI1NiIsInR5cCI6IkpXVCJ9.eyJfaWQiOiI1ZWIzZTRkZDBlNTk3NTdlZTIwYTlhZDkiLCJpYXQiOjE1ODg4NDgxNjgsImV4cCI6MTU5MTQ0MDE2OH0.Ru0RqHNf3tQcTxyMBelnRkHk-qlyv6SMQFXK6BCIu64','2021-05-24 05:43:25'),(2,'ITMS_API_URL','http://itmsapi.com/','2021-05-24 05:44:46'),(3,'ITMS_MASTER_AUTH_ID','794','2021-05-24 06:13:53'),(4,'ITMS_MASTER_AUTH_TOKEN','5e524dc4933ea75038a03a61d956e22d','2021-05-24 06:13:53'),(5,'CRON_USER_ID','794','2021-05-24 06:28:00'),(6,'INS_GOOGLE_AUTH_URL','https://www.googleapis.com/oauth2/v3/','2021-05-24 07:22:53'),(7,'ROLE_ID_GUEST','1439','2021-05-24 10:00:25'),(8,'INTERNAL_ALLOWED_EMAILS_DOMAINS','insurancedekho.com,girnarsoft.com','2021-05-24 10:02:35');
/*!40000 ALTER TABLE `tbl_constants` ENABLE KEYS */;
UNLOCK TABLES;

--
-- Table structure for table `tbl_group_categories`
--

DROP TABLE IF EXISTS `tbl_group_categories`;
/*!40101 SET @saved_cs_client     = @@character_set_client */;
/*!50503 SET character_set_client = utf8mb4 */;
CREATE TABLE `tbl_group_categories` (
  `id` int NOT NULL AUTO_INCREMENT,
  `code` varchar(255) CHARACTER SET latin1 NOT NULL,
  `label` varchar(1000) CHARACTER SET latin1 NOT NULL,
  `is_active` tinyint(1) NOT NULL DEFAULT '1',
  `is_multi_select` tinyint(1) DEFAULT '1',
  `is_required` tinyint(1) DEFAULT '0',
  `order_by` int DEFAULT NULL,
  PRIMARY KEY (`id`)
) ENGINE=InnoDB DEFAULT CHARSET=utf8 COLLATE=utf8_unicode_ci;
/*!40101 SET character_set_client = @saved_cs_client */;

--
-- Dumping data for table `tbl_group_categories`
--

LOCK TABLES `tbl_group_categories` WRITE;
/*!40000 ALTER TABLE `tbl_group_categories` DISABLE KEYS */;
INSERT INTO `tbl_group_categories` VALUES (1,'BROKER','BROKER',1,1,0,NULL),(3,'EXTERNAL_USERS','EXTERNAL USERS',1,1,0,NULL),(4,'LMS_INSURANCE_POLICY','LMS INSURANCE POLICY',1,1,0,NULL),(5,'LMS_LOCATIONS','LMS LOCATIONS',1,1,0,NULL),(6,'LMS_PRODUCT_TYPES','LMS PRODUCT TYPES',1,1,0,NULL),(7,'LMS_USER_TYPES','LMS USER TYPES',1,1,0,NULL),(8,'LOCATIONS','LOCATIONS',1,1,0,NULL),(9,'MOTOR_MIS_FEILDS','MOTOR MIS FEILDS',1,1,1,NULL),(10,'MOTOR_MIS_FEILDS_FLAG','MOTOR MIS FEILDS FLAG',1,1,0,NULL),(11,'MOTOR_MIS_FEILDS_MMV','MOTOR MIS FEILDS MMV',1,1,0,NULL),(12,'MOTOR_MIS_FEILDS_PAYMENT','MOTOR MIS FEILDS PAYMENT',1,1,0,NULL),(13,'MOTOR_MIS_FEILDS_PRPSL','MOTOR MIS FEILDS PRPSL',1,1,0,NULL),(14,'MOTOR_MIS_FEILDS_QUOTE','MOTOR MIS FEILDS QUOTE',1,1,0,NULL),(15,'MOTOR_MIS_FEILDS_SFA','MOTOR MIS FEILDS SFA',1,1,0,NULL),(16,'MOTOR_MIS_MAX_DAYS','MOTOR MIS MAX DAYS',1,0,1,NULL),(17,'NON_MOTOR_MIS_FEILDS','NON MOTOR MIS FEILDS',1,1,0,NULL),(18,'NON_MOTOR_MIS_MAX_DAYS','NON MOTOR MIS MAX DAYS',1,0,1,NULL),(19,'NON_MOTOR_MIS_TICKET_TYPE','NON MOTOR MIS TICKET TYPE',1,1,0,NULL),(20,'OPERATIONS','OPERATIONS',1,1,0,NULL),(21,'OPERATION_BUCKET','OPERATION BUCKET',1,1,0,NULL),(22,'PAYOUT_REGION','PAYOUT REGION',1,1,0,NULL),(23,'REGION','REGION',1,1,0,NULL),(24,'ROLE_BUSINESS_TYPE','ROLE BUSINESS TYPE',1,1,0,NULL),(25,'ROLE_PERMISSIONS','ROLE PERMISSIONS',1,1,0,NULL),(26,'SALES_TEAM_DASHBOARD','SALES TEAM DASHBOARD',1,1,0,NULL),(27,'SUB_SOURCES','SUB SOURCES',1,1,0,NULL),(28,'SUPPORT_EXECUTIVES','SUPPORT EXECUTIVES',1,1,0,NULL),(29,'TERM_BUCKET','TERM BUCKET',1,1,0,NULL),(30,'USER_TEAMS','USER TEAMS',1,1,0,NULL),(31,'_NONE_OF_ABOVE','NONE OF ABOVE',1,1,0,NULL),(32,'MOTOR_MIS_FEILDS_BASIC','Report Basic fields',1,1,1,2),(40,'ENDORSEMENT_MIS_FEILDS','Endorsement Basic Fields',1,1,1,NULL),(41,'ENDORSEMENT_SPECIFIC_MIS_FEILDS','Other Fields',1,1,1,NULL),(42,'SUPPORT_SPECIFIC_MIS_FEILDS','Other Fields',1,1,1,NULL);
/*!40000 ALTER TABLE `tbl_group_categories` ENABLE KEYS */;
UNLOCK TABLES;

--
-- Table structure for table `tbl_groups`
--

DROP TABLE IF EXISTS `tbl_groups`;
/*!40101 SET @saved_cs_client     = @@character_set_client */;
/*!50503 SET character_set_client = utf8mb4 */;
CREATE TABLE `tbl_groups` (
  `id` int NOT NULL AUTO_INCREMENT,
  `name` varchar(255) CHARACTER SET latin1 DEFAULT NULL,
  `category` varchar(45) CHARACTER SET latin1 DEFAULT NULL,
  `is_read_only` tinyint(1) DEFAULT '0',
  `order_by` int DEFAULT '0',
  `show_on_sfa_detail` tinyint(1) DEFAULT '0',
  `sales_role_id` int DEFAULT NULL,
  `id_in_system` varchar(255) CHARACTER SET latin1 DEFAULT NULL,
  PRIMARY KEY (`id`)
) ENGINE=InnoDB DEFAULT CHARSET=utf8 COLLATE=utf8_unicode_ci;
/*!40101 SET character_set_client = @saved_cs_client */;

--
-- Dumping data for table `tbl_groups`
--

LOCK TABLES `tbl_groups` WRITE;
/*!40000 ALTER TABLE `tbl_groups` DISABLE KEYS */;
INSERT INTO `tbl_groups` VALUES (1,'Call Center','ROLE_BUSINESS_TYPE',1,0,0,0,NULL),(2,'UCD Manager','ROLE_BUSINESS_TYPE',1,0,0,0,NULL),(3,'Agency Manager','ROLE_BUSINESS_TYPE',1,0,0,0,NULL),(5,'NcdManager','ROLE_BUSINESS_TYPE',1,0,0,0,NULL),(6,'B2cManager','ROLE_BUSINESS_TYPE',1,0,0,0,NULL),(28,'UCD Manager','ROLE_PERMISSIONS',0,0,0,0,NULL),(30,'QA','ROLE_PERMISSIONS',1,0,0,0,NULL),(31,'PolicyBazaar','BROKER',1,0,0,0,NULL),(32,'CoverFox','BROKER',1,0,0,0,NULL),(33,'Zoom','BROKER',1,0,0,0,NULL),(36,'None','_NONE_OF_ABOVE',0,0,0,0,NULL),(4152,'Prashant Mittal','BROKER',1,0,0,0,NULL),(4153,'Girnarsoft Agency','BROKER',1,0,0,0,NULL),(4176,'Landmark','BROKER',1,0,0,0,NULL),(4207,'GIBPL','BROKER',1,0,0,0,NULL),(4334,'HIIBS','BROKER',1,0,0,0,NULL),(5821,'EasyPolicy','BROKER',1,0,0,0,NULL),(5824,'UCD Sales','EXTERNAL_USERS',1,0,0,0,NULL),(5828,'AgencyGroup','ROLE_PERMISSIONS',0,0,0,0,NULL),(5830,'CallCenter Group','ROLE_PERMISSIONS',0,0,0,0,NULL),(5831,'Ucd Group','ROLE_PERMISSIONS',0,0,0,0,NULL),(5832,'Agency Group','ROLE_PERMISSIONS',0,0,0,0,NULL),(5833,'Callcenter','ROLE_PERMISSIONS',0,0,0,0,NULL),(5843,'GWPL','BROKER',1,0,0,0,NULL),(5859,'Finance','ROLE_PERMISSIONS',0,0,0,0,NULL),(7819,'Area Manager ','SALES_TEAM_DASHBOARD',1,3,1,19,NULL),(7821,'Territory Head ','SALES_TEAM_DASHBOARD',1,8,0,7,NULL),(7823,'Regional Head ','SALES_TEAM_DASHBOARD',1,12,1,18,NULL),(7825,'National Head','SALES_TEAM_DASHBOARD',1,11,0,31,NULL),(7827,'Head Partner Strategy and Planning','SALES_TEAM_DASHBOARD',1,13,0,38,NULL),(7829,'Business Manager ','SALES_TEAM_DASHBOARD',1,1,1,20,NULL),(7831,'CEO','SALES_TEAM_DASHBOARD',1,0,0,33,NULL),(7833,'Dealer Assistant','SALES_TEAM_DASHBOARD',1,16,0,44,NULL),(7842,'Digital Consultant ','SALES_TEAM_DASHBOARD',1,14,0,22,NULL),(7874,'Dy Business Manager ','SALES_TEAM_DASHBOARD',1,15,0,21,NULL),(7880,'Zonal Head ','SALES_TEAM_DASHBOARD',1,9,0,17,NULL),(7908,'DC Head','SALES_TEAM_DASHBOARD',1,17,0,42,NULL),(10465,'Test Role','SALES_TEAM_DASHBOARD',1,5,0,32,NULL),(10466,'Area Manager (DSA)','SALES_TEAM_DASHBOARD',1,4,0,47,NULL),(10467,'Regional Head (DSA)','SALES_TEAM_DASHBOARD',1,7,0,46,NULL),(10468,'Test2','SALES_TEAM_DASHBOARD',1,18,0,49,NULL),(10469,'Business Manager (DSA)','SALES_TEAM_DASHBOARD',1,2,0,48,NULL),(10470,'deepika2112','USER_TEAMS',1,0,0,NULL,NULL),(10475,'National Head (DSA)','SALES_TEAM_DASHBOARD',1,0,0,50,NULL),(10477,'EAST','PAYOUT_REGION',1,2,0,NULL,NULL),(10478,'NORTH','PAYOUT_REGION',1,1,0,NULL,NULL),(10479,'WEST','PAYOUT_REGION',1,3,0,NULL,NULL),(10480,'SOUTH','PAYOUT_REGION',1,4,0,NULL,NULL),(10481,'NORTH/WEST','PAYOUT_REGION',1,5,0,NULL,NULL),(11262,'North','REGION',1,1,0,NULL,NULL),(11263,'West','REGION',1,2,0,NULL,NULL),(11264,'South-1','REGION',1,3,0,NULL,NULL),(11265,'East','REGION',1,4,0,NULL,NULL),(11272,'South-2','REGION',1,5,0,NULL,NULL),(11276,'North-EAST','REGION',1,6,0,0,NULL),(11277,'North-2','REGION',0,0,0,NULL,NULL),(11278,'North-1','REGION',0,0,0,NULL,NULL),(11279,'Central','REGION',0,0,0,NULL,NULL),(11280,'Support Executive','SUPPORT_EXECUTIVES',0,0,0,NULL,NULL),(11281,'umarteam','USER_TEAMS',1,0,0,NULL,NULL),(11282,'umarbmteam','USER_TEAMS',1,0,0,NULL,NULL),(11283,'External User','ROLE_PERMISSIONS',1,0,0,0,NULL),(11284,'SupportManager','ROLE_BUSINESS_TYPE',1,0,0,0,NULL),(11285,'Gurgaon','LOCATIONS',0,0,0,0,'1'),(11286,'ITMS','SUB_SOURCES',0,0,0,0,'ITMS'),(11287,'Jaipur','LOCATIONS',0,0,0,0,'2'),(11288,'Health','LMS_INSURANCE_POLICY',0,0,0,0,'1'),(11290,'Car','LMS_INSURANCE_POLICY',0,0,0,0,'3'),(11291,'Bike','LMS_INSURANCE_POLICY',0,0,0,0,'4'),(11292,'Term','LMS_INSURANCE_POLICY',0,0,0,0,'2'),(11293,'All','OPERATION_BUCKET',0,1,0,0,'1'),(11294,'Unbooked','OPERATION_BUCKET',0,2,0,0,'2'),(11295,'Verififcation Pending','OPERATION_BUCKET',0,3,0,0,'3'),(11296,'Medical Pending','OPERATION_BUCKET',0,4,0,0,'4'),(11297,'Booking','OPERATION_BUCKET',0,5,0,0,'5'),(11298,'Ops Lead','OPERATIONS',0,0,0,NULL,NULL),(11299,'UCD Executive','OPERATIONS',0,0,0,NULL,NULL),(11300,'UCD Lead','OPERATIONS',0,0,0,NULL,NULL),(11301,'Gurgaon-Health','LMS_USER_TYPES',1,1,0,0,NULL),(11302,'Gurgaon-Car','LMS_USER_TYPES',1,2,0,0,NULL),(11303,'Gurgaon-Bike','LMS_USER_TYPES',1,3,0,0,NULL),(11304,'Gurgaon-Term','LMS_USER_TYPES',1,4,0,0,NULL),(11305,'Jaipur-Health','LMS_USER_TYPES',1,5,0,0,NULL),(11306,'Jaipur-Car','LMS_USER_TYPES',1,6,0,0,NULL),(11307,'Jaipur-Bike','LMS_USER_TYPES',1,7,0,0,NULL),(11308,'Jaipur-Term','LMS_USER_TYPES',1,8,0,0,NULL),(11309,'All','TERM_BUCKET',0,1,0,0,'1'),(11310,'Health','LMS_PRODUCT_TYPES',0,0,0,0,'3'),(11311,'Car','LMS_PRODUCT_TYPES',0,0,0,0,'1'),(11312,'Bike','LMS_PRODUCT_TYPES',0,0,0,0,'2'),(11313,'Term','LMS_PRODUCT_TYPES',0,0,0,0,'4'),(11314,'Gurgaon','LMS_LOCATIONS',0,0,0,0,'1'),(11315,'Jaipur','LMS_LOCATIONS',0,0,0,0,'2'),(11316,'2 Days','MOTOR_MIS_MAX_DAYS',1,1,0,NULL,'2'),(11317,'30 Days','MOTOR_MIS_MAX_DAYS',1,3,0,NULL,'30'),(11318,'20 Days','MOTOR_MIS_MAX_DAYS',1,2,0,NULL,'20'),(11336,'Annual Income','MOTOR_MIS_FEILDS_PRPSL',1,620,0,NULL,'ANNUAL_INCOME'),(11337,'Occupation','MOTOR_MIS_FEILDS_PRPSL',1,610,0,NULL,'OCCUPATION'),(11338,'Customer Mobile','MOTOR_MIS_FEILDS',1,600,0,NULL,'CUS_MOB'),(11339,'Customer Name','MOTOR_MIS_FEILDS',1,590,0,NULL,'CUS_NAME'),(11340,'CPA Cover Premium','MOTOR_MIS_FEILDS',1,580,0,NULL,'CPA_COVER'),(11341,'Policy Tenure','MOTOR_MIS_FEILDS',1,570,0,NULL,'POLICY_TENURE'),(11342,'Policy End Date','MOTOR_MIS_FEILDS',1,560,0,NULL,'POLICY_END_DATE'),(11343,'Policy Start Date','MOTOR_MIS_FEILDS',1,550,0,NULL,'POLICY_START_DATE'),(11344,'CoverNote Number','MOTOR_MIS_FEILDS',1,540,0,NULL,'COVER_NOTE_NUMBER'),(11345,'Proposal No.','MOTOR_MIS_FEILDS',1,530,0,NULL,'PROPOSAL_NUMBER'),(11346,'Policy Number','MOTOR_MIS_FEILDS',1,520,0,NULL,'POLICY_NUMBER'),(11347,'Current NCB','MOTOR_MIS_FEILDS_QUOTE',1,511,0,NULL,'CURRENT_NCB'),(11348,'Service Tax','MOTOR_MIS_FEILDS_QUOTE',1,510,0,NULL,'SERVICE_TAX'),(11349,'Final TP Premium','MOTOR_MIS_FEILDS',1,500,0,NULL,'FINAL_TP_PREMIUM'),(11350,'Add On Premium','MOTOR_MIS_FEILDS',1,490,0,NULL,'ADD_ON_PREMIUM'),(11351,'Final Od Premium','MOTOR_MIS_FEILDS_QUOTE',1,480,0,NULL,'OD_PREMIUM'),(11352,'Premium','MOTOR_MIS_FEILDS',1,470,0,NULL,'PREMIUM'),(11353,'Premium Check','MOTOR_MIS_FEILDS_QUOTE',1,462,0,NULL,'PREMIUM_CHECK'),(11354,'Payment Source','MOTOR_MIS_FEILDS_PAYMENT',1,461,0,NULL,'PAYMENT_SOURCE'),(11355,'Payment Mode','MOTOR_MIS_FEILDS',1,460,0,NULL,'PAYMENT_MODE'),(11356,'Dealer City','MOTOR_MIS_FEILDS',1,270,0,NULL,'DEALER_CITY'),(11357,'Dealer Name','MOTOR_MIS_FEILDS',1,260,0,NULL,'DEALER_NAME'),(11358,'GCD Code','MOTOR_MIS_FEILDS',1,250,0,NULL,'DEALER_GCD'),(11359,'Dealership Type','MOTOR_MIS_FEILDS',1,240,0,NULL,'DEALER_TYPE'),(11360,'Gross Weight Category','MOTOR_MIS_FEILDS',1,230,0,NULL,'VEHICLE_GROSS_WEIGHT_CATEGORT'),(11361,'Gross Weight','MOTOR_MIS_FEILDS',1,220,0,NULL,'VEHICLE_GROSS_WEIGHT'),(11362,'Chassis No.','MOTOR_MIS_FEILDS',1,210,0,NULL,'CHASSIS'),(11363,'Engine Number','MOTOR_MIS_FEILDS',1,200,0,NULL,'ENGINE'),(11364,'Fuel Type','MOTOR_MIS_FEILDS',1,190,0,NULL,'FUEL_TYPE'),(11365,'Vehicle Name','MOTOR_MIS_FEILDS',1,180,0,NULL,'VEHICLE_NAME'),(11366,'Variant','MOTOR_MIS_FEILDS_MMV',1,170,0,NULL,'VEHICLE_VARIANT'),(11367,'Model','MOTOR_MIS_FEILDS_MMV',1,160,0,NULL,'VEHICLE_MODEL'),(11368,'Make','MOTOR_MIS_FEILDS_MMV',1,150,0,NULL,'VEHICLE_MAKE'),(11369,'Vehicle Sub Category','MOTOR_MIS_FEILDS',1,140,0,NULL,'VEHICLE_SUB_TYPE'),(11370,'Vehicle Category','MOTOR_MIS_FEILDS',1,130,0,NULL,'VEHICLE_TYPE'),(11371,'Manufacture Date','MOTOR_MIS_FEILDS',1,120,0,NULL,'MANU_DATE'),(11372,'Registration Date','MOTOR_MIS_FEILDS',1,110,0,NULL,'REG_DATE'),(11373,'Registration Number','MOTOR_MIS_FEILDS',1,100,0,NULL,'REG_NO'),(11374,'Policy Type','MOTOR_MIS_FEILDS',1,90,0,NULL,'POLICY_TYPE'),(11375,'Case Type','MOTOR_MIS_FEILDS',1,80,0,NULL,'CASE_TYPE'),(11376,'Insurer Proposal Id','MOTOR_MIS_FEILDS',1,71,0,NULL,'INSURER_PROPOSAL_ID'),(11377,'Insurance Company','MOTOR_MIS_FEILDS',1,70,0,NULL,'INSURER_NAME'),(11378,'Ownership Transfer','MOTOR_MIS_FEILDS_FLAG',1,64,0,NULL,'OWNERSHIP_TRANSFER'),(11379,'Assigned to','MOTOR_MIS_FEILDS',1,63,0,NULL,'ASSINGED_TO'),(11380,'Policy Sub Status','MOTOR_MIS_FEILDS',1,62,0,NULL,'POLICY_SUB_STATUS'),(11381,'Policy Status','MOTOR_MIS_FEILDS',1,61,0,NULL,'POLICY_STATUS'),(11382,'Policy Sub Source','MOTOR_MIS_FEILDS',1,60,0,NULL,'POLICY_SUB_SOURCE'),(11383,'Policy Source','MOTOR_MIS_FEILDS',1,50,0,NULL,'POLICY_SOURCE'),(11384,'Ticket Type','MOTOR_MIS_FEILDS',1,40,0,NULL,'TICKET_TYPE'),(11385,'Booking Source','MOTOR_MIS_FEILDS',1,31,0,NULL,'BOOKING_SOURCE'),(11386,'Booked Time Stamp','MOTOR_MIS_FEILDS',1,30,0,NULL,'BOOKING_DATE'),(11387,'Request Time Stamp','MOTOR_MIS_FEILDS',1,20,0,NULL,'POLICY_REQUEST_DATE'),(11388,'Request Id','MOTOR_MIS_FEILDS',1,10,0,NULL,'UCD_POLICY_ID'),(11391,'30 Days','NON_MOTOR_MIS_MAX_DAYS',1,1,0,NULL,'30'),(11392,'60 Days','NON_MOTOR_MIS_MAX_DAYS',1,3,0,NULL,'60'),(11393,'90 Days','NON_MOTOR_MIS_MAX_DAYS',1,2,0,NULL,'90'),(11394,'Request Id','NON_MOTOR_MIS_FEILDS',1,700,0,NULL,'NON_MOT_REQUEST_ID'),(11395,'Insurance Type','NON_MOTOR_MIS_TICKET_TYPE',1,701,0,NULL,'NON_MOT_INSURANCE_TYPE'),(11396,'Policy Issue date','NON_MOTOR_MIS_FEILDS',1,702,0,NULL,'NON_MOT_POLICY_ISSUE_DATE'),(11397,'Customer Name','NON_MOTOR_MIS_FEILDS',1,703,0,NULL,'NON_MOT_CUSTOMER_NAME'),(11398,'Policy number','NON_MOTOR_MIS_FEILDS',1,704,0,NULL,'NON_MOT_POLICY_NUMBER'),(11399,'Insurer Company','NON_MOTOR_MIS_FEILDS',1,705,0,NULL,'NON_MOT_INSURER_COMPANY'),(11400,'Status','NON_MOTOR_MIS_FEILDS',1,706,0,NULL,'NON_MOT_STATUS'),(11401,'Policy Start date','NON_MOTOR_MIS_FEILDS',1,707,0,NULL,'NON_MOT_POLICY_START_DATE'),(11402,'Policy End date','NON_MOTOR_MIS_FEILDS',1,708,0,NULL,'NON_MOT_POLICY_END_DATE'),(11403,'Policy Booking date','NON_MOTOR_MIS_FEILDS',1,709,0,NULL,'NON_MOT_POLICY_BOOKING_DATE'),(11404,'Dealer Name','NON_MOTOR_MIS_FEILDS',1,710,0,NULL,'NON_MOT_DEALER_NAME'),(11405,'Dealer GCD','NON_MOTOR_MIS_FEILDS',1,711,0,NULL,'NON_MOT_DEALER_GCD'),(11406,'Premium Amount','NON_MOTOR_MIS_FEILDS',1,712,0,NULL,'NON_MOT_PREMIUM_AMOUNT'),(11407,'GST Amount','NON_MOTOR_MIS_FEILDS',1,713,0,NULL,'NON_MOT_GST_AMOUNT'),(11408,'Gross Premium Amount','NON_MOTOR_MIS_FEILDS',1,714,0,NULL,'NON_MOT_GROSS_PREMIUM_AMOUNT'),(11409,'Stamp Duty','NON_MOTOR_MIS_FEILDS',1,715,0,NULL,'NON_MOT_STAMP_DUTY'),(11420,'Zonal Head ','MOTOR_MIS_FEILDS_SFA',1,10364,0,NULL,'17'),(11421,'Regional Head (DSA),','MOTOR_MIS_FEILDS_SFA',1,10362,0,NULL,'46'),(11424,'Area Manager (DSA),','MOTOR_MIS_FEILDS_SFA',1,10356,0,NULL,'47'),(11426,'Business Manager (DSA),','MOTOR_MIS_FEILDS_SFA',1,10352,0,NULL,'48'),(11427,'Business Manager ','MOTOR_MIS_FEILDS_SFA',1,10350,0,NULL,'20'),(11439,'GCD Code','MOTOR_MIS_FEILDS_BASIC',1,2110,0,NULL,'OFF_GCD_CODE'),(11440,'Dealer Name','MOTOR_MIS_FEILDS_BASIC',1,2120,0,NULL,'OFF_DEALER_NAME'),(11441,'Dealer City','MOTOR_MIS_FEILDS_BASIC',1,2130,0,NULL,'OFF_DEALER_CITY'),(11451,'Final TP Premium','MOTOR_MIS_FEILDS_BASIC',1,2230,0,NULL,'OFF_FINAL_TP_PREMIUM'),(11475,'Customer Email','MOTOR_MIS_FEILDS',1,601,0,NULL,'CUS_EMAIL'),(11476,'MMV Related Issue?','SUPPORT_CATEGORIES',0,0,0,NULL,'MMRI'),(11477,'Unable to find vehicle MMV?','SUPPORT_CATEGORY_TYPES',0,0,0,NULL,'MMNA'),(11478,'Policy Medium','MOTOR_MIS_FEILDS',1,61,0,NULL,'POLICY_MEDIUM'),(11480,'Claim Taken','MOTOR_MIS_FEILDS_QUOTE',1,481,0,NULL,'CLAIM_TAKEN'),(11481,'GIBPL Retention','MOTOR_MIS_FEILDS',1,62,0,NULL,'GIBPL_RETENTION'),(11482,'Inspection Type','MOTOR_MIS_FEILDS',1,65,0,NULL,'INSPECTION_TYPE'),(11483,'Inspection Agency','MOTOR_MIS_FEILDS',1,66,0,NULL,'INSPECTION_AGENCY'),(11484,'Payment Clearance Status','MOTOR_MIS_FEILDS',1,67,0,NULL,'PAYMENT_CLEARANCE_STATUS'),(11485,'Payment Pickup Status','MOTOR_MIS_FEILDS',1,68,0,NULL,'PAYMENT_PICKUP_STATUS'),(11486,'Is Zero Dep','MOTOR_MIS_FEILDS_QUOTE',1,482,0,NULL,'IS_ZERO_DEP'),(11487,'Is Consumable','MOTOR_MIS_FEILDS_QUOTE',1,483,0,NULL,'IS_CONSUMABLES'),(11488,'Is Engine Protection','MOTOR_MIS_FEILDS_QUOTE',1,484,0,NULL,'IS_ENGINE_PROTECTION'),(11489,'Is NCB Protection','MOTOR_MIS_FEILDS_QUOTE',1,485,0,NULL,'IS_NCB_PROTECTION'),(11490,'Is Invoice Cover','MOTOR_MIS_FEILDS_QUOTE',1,486,0,NULL,'IS_INVOICE_COVER'),(11491,'Is Type Secure','MOTOR_MIS_FEILDS_QUOTE',1,487,0,NULL,'IS_TYPE_SECURE'),(11492,'Is Driver Cover','MOTOR_MIS_FEILDS_QUOTE',1,488,0,NULL,'IS_DRIVER_COVER'),(11493,'Is Passenger Cover','MOTOR_MIS_FEILDS_QUOTE',1,489,0,NULL,'IS_PASSENGER_COVER'),(11569,'Request ID','ENDORSEMENT_MIS_FEILDS',1,1010,0,NULL,'ITMS_REQUEST_ID'),(11570,'Task Id','ENDORSEMENT_MIS_FEILDS',1,1000,0,NULL,'TASK_ID'),(11571,'Insurer','ENDORSEMENT_MIS_FEILDS',1,1020,0,NULL,'TASK_INSURER'),(11572,'Vehicle Type','ENDORSEMENT_MIS_FEILDS',1,1030,0,NULL,'TASK_VEHICLE_TYPE'),(11573,'Vehicle MMV','ENDORSEMENT_MIS_FEILDS',1,1040,0,NULL,'TASK_VEHICLE_NAME'),(11574,'Reg Number','ENDORSEMENT_MIS_FEILDS',1,1050,0,NULL,'TASK_REG_NUMBER'),(11575,'Case Type','ENDORSEMENT_MIS_FEILDS',1,1060,0,NULL,'TASK_CASE_TYPE'),(11576,'Policy Type','ENDORSEMENT_MIS_FEILDS',1,1070,0,NULL,'TASK_POLICY_TYPE'),(11577,'Request Date','ENDORSEMENT_MIS_FEILDS',1,1100,0,NULL,'TASK_REQUEST_DATE'),(11578,'Fields','ENDORSEMENT_MIS_FEILDS',1,1120,0,NULL,'TASK_FIELDS'),(11579,'Endorsment Done Date','ENDORSEMENT_SPECIFIC_MIS_FEILDS',1,1110,0,NULL,'TASK_ENDORSEMENT_DONE_DATE'),(11580,'Resolved Date','SUPPORT_SPECIFIC_MIS_FEILDS',1,1130,0,NULL,'TASK_RESOLVED_DATE'),(11581,'Source','ENDORSEMENT_MIS_FEILDS',1,1021,0,NULL,'TASK_SUB_SOURCE'),(11582,'Freshdesk ID','ENDORSEMENT_MIS_FEILDS',1,1022,0,NULL,'TASK_FD_ID'),(11583,'Customer Name','ENDORSEMENT_MIS_FEILDS',1,1023,0,NULL,'TASK_CUSTOMER_NAME'),(11584,'Endorsed Policy Number','ENDORSEMENT_SPECIFIC_MIS_FEILDS',1,1025,0,NULL,'TASK_NEW_POLICY_NUMBER'),(11585,'LMS','ROLE_PERMISSIONS',1,0,0,NULL,NULL),(11586,'Support Category','SUPPORT_SPECIFIC_MIS_FEILDS',1,1131,0,NULL,'TASK_CATEGORY'),(11587,'Support Type','SUPPORT_SPECIFIC_MIS_FEILDS',1,1132,0,NULL,'TASK_SUB_CATEGORY');
/*!40000 ALTER TABLE `tbl_groups` ENABLE KEYS */;
UNLOCK TABLES;

--
-- Table structure for table `tbl_mis_columns`
--

DROP TABLE IF EXISTS `tbl_mis_columns`;
/*!40101 SET @saved_cs_client     = @@character_set_client */;
/*!50503 SET character_set_client = utf8mb4 */;
CREATE TABLE `tbl_mis_columns` (
  `id` int NOT NULL AUTO_INCREMENT,
  `mis_column_id` varchar(50) CHARACTER SET latin1 COLLATE latin1_swedish_ci NOT NULL,
  `column_expression` varchar(999) CHARACTER SET latin1 NOT NULL,
  `is_active` tinyint(1) NOT NULL DEFAULT '1',
  PRIMARY KEY (`id`),
  UNIQUE KEY `mis_column_id_UNIQUE` (`mis_column_id`)
) ENGINE=InnoDB AUTO_INCREMENT=287 DEFAULT CHARSET=utf8 COLLATE=utf8_unicode_ci;
/*!40101 SET character_set_client = @saved_cs_client */;

--
-- Dumping data for table `tbl_mis_columns`
--

LOCK TABLES `tbl_mis_columns` WRITE;
/*!40000 ALTER TABLE `tbl_mis_columns` DISABLE KEYS */;
INSERT INTO `tbl_mis_columns` VALUES (1,'UCD_POLICY_ID','tr.policyId',1),(2,'REG_NO','v.registrationNo',1),(3,'CUS_NAME','CONCAT(u.firstName,\' \',COALESCE(u.lastName,\'\'))',1),(4,'CUS_MOB','u.mobile',1),(5,'VEHICLE_TYPE','v.vehicleType',1),(6,'VEHICLE_SUB_TYPE','v.vehicleSubType',1),(7,'POLICY_REQUEST_DATE','DATE_FORMAT(tr.policyRequestDate,\'%Y-%m-%d\')',1),(8,'BOOKING_DATE','case  when tr.coverBookingDate is not null then \nDATE_FORMAT(tr.coverBookingDate,\'%Y-%m-%d\') else\nDATE_FORMAT(tr.bookingDate,\'%Y-%m-%d\') end',1),(9,'POLICY_SOURCE','tr.policySource',1),(10,'POLICY_SUB_SOURCE','tr.policySubSource',1),(11,'POLICY_STATUS','s.name',1),(12,'POLICY_SUB_STATUS','ss.name',1),(13,'CASE_TYPE','tr.caseType',1),(14,'POLICY_TYPE','tr.policyType',1),(15,'DEALER_GCD','del.dealerGcdId',1),(16,'DEALER_NAME','del.dealerOrg',1),(17,'DEALER_CITY','del.cityName',1),(18,'VEHICLE_GROSS_WEIGHT','v.grossWeight',1),(19,'VEHICLE_GROSS_WEIGHT_CATEGORT','CASE WHEN (v.grossWeight IS NOT NULL AND v.grossWeight <= \'7500\') THEN \'Below 7500 Kgs\' WHEN (v.grossWeight IS NOT NULL AND v.grossWeight >= \'7501\' AND v.grossWeight <= \'12000\') THEN \'7501-12000 Kgs\'  WHEN (v.grossWeight IS NOT NULL AND v.grossWeight >= \'12001\' AND v.grossWeight <= \'40000\') THEN \'12001-40000 Kgs\' WHEN (v.grossWeight IS NOT NULL AND v.grossWeight >= \'40001\') THEN \'Above 40001 Kgs\'  ELSE \'\' END',1),(20,'PAYMENT_MODE','tr.paymentMode',1),(21,'OD_PREMIUM','CASE WHEN (tr.policyMedium = \'Offline\') THEN insOff.finalOd ELSE onQuotes.finalOd END',1),(22,'PREMIUM','tr.premium',1),(23,'SERVICE_TAX','CASE WHEN (tr.policyMedium = \'Offline\') THEN insOff.serviceTaxAmount ELSE onQuotes.serviceTaxAmount END',1),(24,'PREMIUM_CHECK','tr.premium - ((CASE\n        WHEN (tr.policyMedium = \'Offline\') THEN insOff.finalOd\n        ELSE onQuotes.finalOd\n    END) + (CASE\n        WHEN (tr.policyMedium = \'Offline\') THEN insOff.addOnsPremium\n        ELSE onQuotes.addOnsPremium\n    END) + (CASE\n        WHEN (tr.policyMedium = \'Offline\') THEN insOff.totalThirdParty\n        ELSE onQuotes.totalTpPremium\n    END) + (CASE\n        WHEN (tr.policyMedium = \'Offline\') THEN insOff.serviceTaxAmount\n        ELSE onQuotes.serviceTaxAmount\n    END))',1),(25,'OCCUPATION','prop.occupation',1),(26,'POLICY_NUMBER','tr.policyNumber',1),(27,'COVER_NOTE_NUMBER','tr.coverNoteNumber',1),(28,'POLICY_START_DATE','DATE_FORMAT(tr.policyStartDate,\'%Y-%m-%d\')',1),(29,'POLICY_END_DATE','DATE_FORMAT(tr.policyEndDate,\'%Y-%m-%d\')',1),(30,'POLICY_TENURE','onQuotes.tenure',1),(31,'CPA_COVER','onQuotes.ownerDriver',1),(32,'ASSINGED_TO','toUser.name',1),(33,'PAYMENT_SOURCE','payment.paymentSource',1),(34,'FUEL_TYPE','v.fuelType',1),(35,'DEALER_TYPE','CASE WHEN (del.dealerType = 1) THEN \'Dealer\' WHEN (del.dealerType = 3) THEN \'DSA\' WHEN (del.dealerType = 4) THEN \'PX_DSA\' ELSE \'\' END',1),(36,'BOOKING_SOURCE','case when u.status=84 and tr.bookedBy = 794 then \'Auto\' when u.status=84 then \'Manually\' else \'\' end',1),(37,'OWNERSHIP_TRANSFER','CASE WHEN (TF.isOwnershipTransfer = 1) THEN \'Yes\' ELSE \'No\' END',1),(38,'CURRENT_NCB','CASE WHEN (tr.policyMedium = \'Offline\') THEN insOff.ncbGivenOnNewPolicy ELSE onQuotes.ncbGivenOnNewPolicy END ',1),(39,'INSURER_PROPOSAL_ID','tr.insurerProposalId',1),(40,'ANNUAL_INCOME','prop.annualIncome',1),(41,'TICKET_TYPE','ticketType.name',1),(42,'INSURER_NAME','tr.company',1),(43,'VEHICLE_MAKE','CASE\n        WHEN (v.vehicleType = 1) THEN bikeV.makeName\n        when (v.vehicleType = 8) THEN pcvV.makeName\n        when (v.vehicleType = 9) THEN gcvV.makeName\n        ELSE carV.makeName\n    END',1),(44,'VEHICLE_MODEL','CASE\n        WHEN (v.vehicleType = 1) THEN bikeV.modelName\n        when (v.vehicleType = 8) THEN pcvV.modelName\n        when (v.vehicleType = 9) THEN gcvV.modelName\n        ELSE carV.modelName\n    END',1),(45,'VEHICLE_VARIANT','CASE\n        WHEN (v.vehicleType = 1) THEN bikeV.variantName\n        when (v.vehicleType = 8) THEN pcvV.varientName\n        when (v.vehicleType = 9) THEN gcvV.varientName\n        ELSE carV.varientName\n    END',1),(46,'VEHICLE_NAME','v.makeModelName',1),(47,'NON_MOT_REQUEST_ID','tq.ticketId',1),(48,'NON_MOT_INSURANCE_TYPE','tType.name',1),(49,'NON_MOT_POLICY_ISSUE_DATE','DateFormat(ConvertTz(tq.policyIssuingDate,\'+00:00\',\'+05:30\'), \'%Y-%m-%d %H:%i\')',1),(50,'NON_MOT_CUSTOMER_NAME','CONCAT(ticket.firstName,\' \',COALESCE(ticket.lastName,\'\'))',1),(51,'NON_MOT_POLICY_NUMBER','tq.policyNumber',1),(52,'NON_MOT_INSURER_COMPANY','tq.insurerName',1),(53,'NON_MOT_STATUS','status.name',1),(54,'NON_MOT_POLICY_START_DATE','DateFormat(ConvertTz(tq.policyStartDate,\'+00:00\',\'+05:30\'), \'%Y-%m-%d\')',1),(55,'NON_MOT_POLICY_END_DATE','DateFormat(ConvertTz(tq.policyEndDate,\'+00:00\',\'+05:30\'), \'%Y-%m-%d\')',1),(56,'NON_MOT_POLICY_BOOKING_DATE','DateFormat(ConvertTz(tq.createdAt,\'+00:00\',\'+05:30\'), \'%Y-%m-%d %H:%i\')',1),(57,'NON_MOT_DEALER_NAME','del.dealerOrg',1),(58,'NON_MOT_DEALER_GCD','del.dealerGcdId',1),(59,'NON_MOT_PREMIUM_AMOUNT','tq.totalPremium',1),(60,'NON_MOT_GST_AMOUNT','tq.gst',1),(61,'NON_MOT_GROSS_PREMIUM_AMOUNT','tq.grossPremium',1),(62,'NON_MOT_STAMP_DUTY','tq.stampDuty',1),(63,'NON_MOT_SUM_INSURED','tq.totalSumAssured',1),(64,'OFF_REQUEST_ID','tr.ticketId',1),(65,'OFF_REQUEST_TIMESTAMP','DATE_FORMAT(tr.created,\'%Y-%m-%d\')',1),(66,'OFF_TICKET_TYPE','tType.name',1),(67,'OFF_POLICY_SUB_SOURCE','tr.subSource',1),(68,'OFF_POLICY_SOURCE','tr.source',1),(69,'OFF_POLICY_STATUS','s.name',1),(70,'OFF_VEHICLE_TYPE','v.vehicleType',1),(71,'OFF_VEHICLE_SUB_TYPE','v.vehicleSubType',1),(72,'OFF_REG_NUMBER','v.registrationNo',1),(73,'OFF_GROSS_WEIGHT','v.grossWeight',1),(74,'OFF_GROSS_WEIGHT_CATEGORY','CASE WHEN (v.grossWeight IS NOT NULL AND v.grossWeight <= \'7500\') THEN \'Below 7500 Kgs\' WHEN (v.grossWeight IS NOT NULL AND v.grossWeight >= \'7501\' AND v.grossWeight <= \'12000\') THEN \'7501-12000 Kgs\'  WHEN (v.grossWeight IS NOT NULL AND v.grossWeight >= \'12001\' AND v.grossWeight <= \'40000\') THEN \'12001-40000 Kgs\' WHEN (v.grossWeight IS NOT NULL AND v.grossWeight >= \'40001\') THEN \'Above 40001 Kgs\'  ELSE \'\' END',1),(75,'OFF_CASE_TYPE','tr.caseType',1),(76,'OFF_POLICY_TYPE','tr.policyType',1),(77,'OFF_GCD_CODE','c.dealerGcdId',1),(78,'OFF_DEALER_NAME','c.dealerOrg',1),(79,'OFF_DEALER_CITY','c.cityName',1),(80,'OFF_DEALER_ZONE','c.city',1),(81,'OFF_INSURER','tr.gibplInsurerId',1),(82,'OFF_PAYMENT_MODE','tr.paymentMode',1),(83,'OFF_PREMIUM','tr.premium',1),(84,'OFF_FINAL_OD_PREMIUM','tr.finalOd',1),(85,'OFF_ADD_ONS_PREMIUM','tr.addOnsPremium',1),(86,'OFF_FINAL_TP_PREMIUM','tr.totalThirdParty',1),(87,'OFF_SERVICE_TAX','tr.serviceTaxAmount',1),(88,'OFF_PREMIUM_CHECK','tr.premium - ((tr.finalOd) + (tr.addOnsPremium) + (tr.totalThirdParty) + (tr.serviceTaxAmount))',1),(89,'OFF_POLICY_NUMBER','tr.policyNumber',1),(90,'OFF_POLICY_START_DATE','DATE_FORMAT(tr.newPolicyStartDate,\'%Y-%m-%d\')',1),(91,'OFF_POLICY_END_DATE','DATE_FORMAT(tr.newPolicyEndDate,\'%Y-%m-%d\')',1),(92,'OFF_POLICY_TENURE','tr.policyTenure',1),(93,'OFF_CPA_COVER_PREMIUM','tr.driverCoverPremium',1),(94,'OFF_ASSIGNED_TO','toUser.name',1),(95,'OFF_FUEL_TYPE','v.fuelType',1),(96,'OFF_DEALERSHIP_TYPE','CASE WHEN (c.dealerType = 1) THEN \'Dealer\' WHEN (c.dealerType = 3) THEN \'DSA\' WHEN (c.dealerType = 4) THEN \'PX_DSA\' ELSE \'\' END',1),(97,'CUS_EMAIL','u.emailId',1),(98,'REG_DATE','DATE_FORMAT(v.registrationDate,\'%Y-%m-%d\')',1),(99,'MANU_DATE','DATE_FORMAT(v.manufacturingDate,\'%Y-%m-%d\')',1),(100,'ENGINE','v.engineNo',1),(101,'CHASSIS','v.chassisNo',1),(102,'FINAL_TP_PREMIUM','CASE WHEN (tr.policyMedium = \'Offline\') THEN insOff.totalThirdParty ELSE onQuotes.totalTpPremium END',1),(103,'ADD_ON_PREMIUM','CASE WHEN (tr.policyMedium = \'Offline\') THEN insOff.addOnsPremium ELSE onQuotes.addOnsPremium END',1),(147,'HEALTH_REQUEST_ID','u.id',1),(148,'HEALTH_REQUEST_DATE','DateFormat(ConvertTz(hv.requestDate,\'+00:00\',\'+05:30\'), \'%Y-%m-%d %H:%i\')',1),(149,'HEALTH_CUSTOMER_NAME','CONCAT(u.firstName,\' \',COALESCE(u.lastName,\'\'))',1),(150,'HEALTH_PROPOSER_DOB','Date(hvp.dob)',1),(151,'HEALTH_COVERAGE_TYPE','hv.insuredType',1),(152,'HEALTH_MEMBER_SIZE','hv.members',1),(153,'HEALTH_INSURER','hv.insurerName',1),(154,'HEALTH_PLAN_NAME','hv.planName',1),(155,'HEALTH_PRODUCT_TYPE','hv.planType',1),(156,'HEALTH_SUM_INSURED','hv.sumAssured',1),(157,'HEALTH_DEDUCTIBLE','hv.deductible',1),(158,'HEALTH_TENURE','hv.policyTerm',1),(159,'HEALTH_PROPOSAL_NO','hv.proposerNumber',1),(160,'HEALTH_MEDICAL_STATUS','hv.caseType',1),(161,'HEALTH_POLICY_TYPE','hv.policyType',1),(162,'HEALTH_POLICY_NUMBER','hv.policyNumber',1),(163,'HEALTH_POLICY_BOOKING_DATE','DateFormat(ConvertTz(hv.bookingDate,\'+00:00\',\'+05:30\'), \'%Y-%m-%d %H:%i\')',1),(164,'HEALTH_POLICY_START_DATE','DateFormat(ConvertTz(hv.policyStartDate,\'+00:00\',\'+05:30\'), \'%Y-%m-%d\')',1),(165,'HEALTH_POLICY_END_DATE','DateFormat(ConvertTz(hv.policyEndDate,\'+00:00\',\'+05:30\'), \'%Y-%m-%d\')',1),(166,'HEALTH_MEDIUM','hv.policyMedium',1),(167,'HEALTH_NET_PREMIUM','hv.premiumAmount',1),(168,'HEALTH_GST','hv.tax',1),(169,'HEALTH_POLICY_AMOUNT','hv.totalAmount',1),(170,'HEALTH_PAYMENT_MODE','hv.paymentMode',1),(171,'HEALTH_DEALER_NAME','del.dealerOrg',1),(172,'HEALTH_DEALER_GCD','del.dealerGcdId',1),(173,'HEALTH_DEALER_CITY','del.cityName',1),(174,'HEALTH_BUSINESS_MANAGER','',1),(175,'HEALTH_AREA_MANAGER','',1),(176,'HEALTH_REGIONAL_HEAD','',1),(177,'HEALTH_POLICY_STATUS','CONCAT(status.name,\' \',COALESCE(subStatus.name,\'\'))',1),(178,'HEALTH_SOURCE','hv.source',1),(179,'HEALTH_SUB_SOURCE','hv.subSource',1),(180,'HEALTH_AGEING','DateFormat(ConvertTz(u.modified,\'+00:00\',\'+05:30\'), \'%Y-%m-%d %H:%i:%s\')',1),(181,'HEALTH_PAYMENT_DATE','DateFormat(ConvertTz(hpd.transactionDatetime,\'+00:00\',\'+05:30\'), \'%Y-%m-%d %H:%i\')',1),(182,'HEALTH_BUSINESS_TYPE','hv.businessType',1),(183,'HEALTH_GROUP_TYPE','hv.groupPolicyType',1),(184,'HEALTH_BOOKED_TYPE','hv.bookedBy',1),(185,'HEALTH_CANCEL_REASON','CONCAT(hc.reason,\' \',COALESCE(hcr.reason,\'\'))',1),(186,'HEALTH_AREA','hvc.area',1),(187,'HEALTH_CITY','hvc.city',1),(188,'HEALTH_STATE','hvc.state',1),(189,'HEALTH_STATUS_MODIFIED','DateFormat(ConvertTz(u.modified,\'+00:00\',\'+05:30\'), \'%Y-%m-%d %H:%i:%s\')',1),(191,'LIFE_REQUEST_ID','u.id',1),(192,'LIFE_REQUEST_DATE','DateFormat(ConvertTz(tilt.requestDate,\'+00:00\',\'+05:30\'), \'%Y-%m-%d %H:%i\')',1),(193,'LIFE_CUSTOMER_NAME','CONCAT(u.firstName,\' \',COALESCE(u.lastName,\'\'))',1),(194,'LIFE_PROPOSER_DOB','Date(lp.dob)',1),(195,'LIFE_AREA','lp.area',1),(196,'LIFE_CITY','lp.city',1),(197,'LIFE_STATE','lp.state',1),(198,'LIFE_INSURER','tilt.insurerName',1),(199,'LIFE_PLAN_NAME','tilt.planName',1),(200,'LIFE_PRODUCT_TYPE','tilt.planType',1),(201,'LIFE_SUM_INSURED','tilt.sumAssured',1),(202,'LIFE_TENURE','tilt.policyTerm',1),(203,'LIFE_PROPOSAL_NO','tilt.proposerNumber',1),(204,'LIFE_POLICY_NUMBER','tilt.policyNumber',1),(205,'LIFE_POLICY_BOOKING_DATE','DateFormat(ConvertTz(tilt.bookingDate,\'+00:00\',\'+05:30\'), \'%Y-%m-%d %H:%i\')',1),(206,'LIFE_POLICY_START_DATE','DateFormat(ConvertTz(tilt.policyStartDate,\'+00:00\',\'+05:30\'), \'%Y-%m-%d\')',1),(207,'LIFE_POLICY_END_DATE','DateFormat(ConvertTz(tilt.policyEndDate,\'+00:00\',\'+05:30\'), \'%Y-%m-%d\')',1),(208,'LIFE_MEDIUM','tilt.policyMedium',1),(209,'LIFE_NET_PREMIUM','tilt.premiumAmount',1),(210,'LIFE_GST','tilt.tax',1),(211,'LIFE_POLICY_AMOUNT','tilt.totalPremium',1),(212,'LIFE_PAYMENT_MODE','ltp.paymentMode',1),(213,'LIFE_PAYMENT_OPTION','ltp.premiumPaymentOption',1),(214,'LIFE_PAYMENT_TERM','ltp.premiumPaymentTerm',1),(215,'LIFE_PRIMIUM_FREQUENCY','ltp.premiumFrequency',1),(216,'LIFE_COLLECTED_PRIMIUM_AMOUNT','ltp.collectedPremiumAmount',1),(217,'LIFE_COLLECTED_PRIMIUM_TAX','ltp.collectedPremiumTax',1),(218,'LIFE_COLLECTED_TOTAL_PRIMIUM','ltp.collectedTotalPremium',1),(219,'LIFE_APE_TAX','ltp.apeTax',1),(220,'LIFE_APE_PREMIUM','ltp.apePremium',1),(221,'LIFE_APE','ltp.ape',1),(222,'LIFE_DEALER_NAME','del.dealerOrg',1),(223,'LIFE_DEALER_GCD','del.dealerGcdId',1),(224,'LIFE_DEALER_CITY','del.cityName',1),(225,'LIFE_POLICY_STATUS','CONCAT(status.name,\' \',COALESCE(subStatus.name,\'\'))',1),(226,'LIFE_SOURCE','tilt.source',1),(227,'LIFE_SUB_SOURCE','tilt.subSource',1),(228,'LIFE_PAYMENT_DATE','DateFormat(ConvertTz(ltpd.transactionDatetime,\'+00:00\',\'+05:30\'), \'%Y-%m-%d %H:%i\')',1),(229,'LIFE_BUSINESS_MANAGER','',1),(230,'LIFE_AREA_MANAGER','',1),(231,'LIFE_REGIONAL_HEAD','',1),(232,'POLICY_MEDIUM','tr.policyMedium',1),(233,'CLAIM_TAKEN','CASE WHEN (tr.policyMedium = \'Offline\') THEN (IFELSE(insOff.claimTaken=1,\'Yes\',\'No\')) ELSE (IFELSE(onQuotes.claimTaken=1,\'Yes\',\'No\')) END',1),(234,'GIBPL_RETENTION','tr.gibplRetentionCount',1),(235,'INSPECTION_TYPE','CASE WHEN (tr.caseTypeId in (2,4)) THEN (IFELSE(tr.isSelfInspected=1,\'Self Inspection\',\'Third Party Inspection\')) ELSE \'\' END',1),(236,'INSPECTION_AGENCY','tr.inspectInspectionAgency',1),(237,'PAYMENT_CLEARANCE_STATUS','CASE WHEN (u.status = 84 AND (tr.paymentMode = \'online\' OR tr.paymentMode = \'Online\')) THEN 1 ELSE tr.paymentClearanceStatus END',1),(238,'PAYMENT_PICKUP_STATUS','CASE WHEN (tr.paymentMode != \'online\' AND tr.paymentPickupStatus = 0) THEN \'Pending\' WHEN (tr.paymentMode != \'online\' AND tr.paymentPickupStatus = 1) THEN \'Done\' ELSE \'\' END',1),(239,'IS_ZERO_DEP','CASE WHEN (tr.policyMedium = \'Offline\') THEN (IFELSE(insOff.isZeroDep=1,\'Yes\',\'No\')) ELSE (IFELSE(onQuotes.isZeroDep=1,\'Yes\',\'No\')) END',1),(240,'IS_CONSUMABLES','CASE WHEN (tr.policyMedium = \'Offline\') THEN (IFELSE(insOff.isConsumables=1,\'Yes\',\'No\')) ELSE (IFELSE(onQuotes.isConsumables=1,\'Yes\',\'No\')) END',1),(241,'IS_ENGINE_PROTECTION','CASE WHEN (tr.policyMedium = \'Offline\') THEN (IFELSE(insOff.isEngineProtection=1,\'Yes\',\'No\')) ELSE (IFELSE(onQuotes.isEngineProtection=1,\'Yes\',\'No\')) END',1),(242,'IS_NCB_PROTECTION','CASE WHEN (tr.policyMedium = \'Offline\') THEN (IFELSE(insOff.isNcbProtection=1,\'Yes\',\'No\')) ELSE (IFELSE(onQuotes.isNcbProtection=1,\'Yes\',\'No\')) END',1),(243,'IS_INVOICE_COVER','CASE WHEN (tr.policyMedium = \'Offline\') THEN (IFELSE(insOff.isInvoiceCover=1,\'Yes\',\'No\')) ELSE (IFELSE(onQuotes.isInvoiceCover=1,\'Yes\',\'No\')) END',1),(244,'IS_TYPE_SECURE','CASE WHEN (tr.policyMedium = \'Offline\') THEN (IFELSE(insOff.isTyreSecureCover=1,\'Yes\',\'No\')) ELSE (IFELSE(onQuotes.isTyreSecure=1,\'Yes\',\'No\')) END',1),(245,'IS_DRIVER_COVER','CASE WHEN (tr.policyMedium = \'Offline\') THEN (IFELSE(insOff.isDriverCover=1,\'Yes\',\'No\')) ELSE (IFELSE(onQuotes.isDriverCover=1,\'Yes\',\'No\')) END',1),(246,'IS_PASSENGER_COVER','CASE WHEN (tr.policyMedium = \'Offline\') THEN (IFELSE(insOff.isPassengerCover >= 1,\'Yes\',\'No\')) ELSE (IFELSE(onQuotes.passengerCover >= 1,\'Yes\',\'No\')) END',1),(264,'TASK_OLD_POLICY_NUMBER','{Tickets.OldPolicyNumber}',1),(268,'TASK_SUB_SOURCE','{Tickets.SubSource}',1),(269,'TASK_FD_ID','{Tickets.FreshDeskTicketId}',1),(270,'TASK_CUSTOMER_NAME','{customer.Name}',1),(272,'TASK_NEW_POLICY_NUMBER','{Tickets.NewPolicyNumber}',1),(273,'ITMS_REQUEST_ID','{Tickets.ItmsRequestId}',1),(274,'TASK_ID','{Tickets.Id}',1),(275,'TASK_INSURER','{Tickets.InsurerId}',1),(276,'TASK_VEHICLE_TYPE','{vehicle.VehicleType}',1),(277,'TASK_VEHICLE_NAME','{vehicle.MakeModelVersion}',1),(278,'TASK_REG_NUMBER','{vehicle.RegNo}',1),(279,'TASK_CASE_TYPE','{Tickets.CaseTypeId}',1),(280,'TASK_POLICY_TYPE','{Tickets.PolicyType}',1),(281,'TASK_REQUEST_DATE',' DATE_FORMAT({Tickets.CreatedAt},\'%Y-%m-%d\') ',1),(282,'TASK_FIELDS','',1),(283,'TASK_ENDORSEMENT_DONE_DATE','(case when {Tickets.Status}=4 then DATE_FORMAT({Tickets.UpdatedAt},\'%Y-%m-%d\') else \'\' end)',1),(284,'TASK_RESOLVED_DATE','(case when {Tickets.Status}=14 then DATE_FORMAT({Tickets.UpdatedAt},\'%Y-%m-%d\') else \'\' end)',1),(285,'TASK_CATEGORY','{Tickets.CategoryId}',1),(286,'TASK_SUB_CATEGORY','{Tickets.SubCategoryId}',1);
/*!40000 ALTER TABLE `tbl_mis_columns` ENABLE KEYS */;
UNLOCK TABLES;

--
-- Table structure for table `tbl_permission_groups`
--

DROP TABLE IF EXISTS `tbl_permission_groups`;
/*!40101 SET @saved_cs_client     = @@character_set_client */;
/*!50503 SET character_set_client = utf8mb4 */;
CREATE TABLE `tbl_permission_groups` (
  `id` int NOT NULL AUTO_INCREMENT,
  `permission_id` int NOT NULL,
  `group_id` int NOT NULL,
  PRIMARY KEY (`id`)
) ENGINE=InnoDB DEFAULT CHARSET=utf8 COLLATE=utf8_unicode_ci;
/*!40101 SET character_set_client = @saved_cs_client */;

--
-- Dumping data for table `tbl_permission_groups`
--

LOCK TABLES `tbl_permission_groups` WRITE;
/*!40000 ALTER TABLE `tbl_permission_groups` DISABLE KEYS */;
INSERT INTO `tbl_permission_groups` VALUES (1,1,3),(2,2,3),(3,3,3),(4,4,3),(12,11,3),(13,11,2),(18,14,3),(19,14,2),(20,15,3),(21,15,2),(22,16,3),(23,16,2),(24,17,3),(25,17,2),(26,18,3),(27,18,2),(28,19,1),(29,19,2),(30,19,3),(31,19,5),(32,19,6),(33,20,1),(34,20,2),(35,20,3),(36,20,5),(37,20,6),(39,27,3),(40,28,3),(41,29,3),(42,30,3),(43,31,3),(44,32,3),(45,33,3),(46,34,3),(47,35,3),(48,36,3),(49,37,3),(56,44,2),(57,45,2),(63,51,2),(64,52,32),(65,53,28),(66,55,28),(67,56,28),(68,57,5),(69,58,5),(70,59,6),(71,60,6),(72,61,1),(73,62,1),(77,9,1),(78,9,6),(79,9,5),(80,9,3),(81,9,2),(82,10,3),(83,10,2),(84,13,6),(85,13,5),(86,13,3),(87,13,2),(88,13,1),(90,66,2),(91,67,2),(92,68,2),(93,69,7842),(94,70,2),(95,71,2),(96,72,2),(97,73,2),(107,75,2),(108,77,2),(109,78,2),(110,79,2),(111,80,2),(112,81,7819),(113,81,7874),(114,81,7842),(115,81,7833),(116,81,7829),(117,81,7823),(118,81,7821),(119,82,2),(120,83,2),(121,84,7819),(122,84,7880),(123,84,7874),(124,84,7842),(125,84,7833),(126,84,7829),(127,84,7823),(128,84,7821),(129,85,7819),(130,85,7880),(131,85,7874),(132,85,7842),(133,85,7833),(134,85,7829),(135,85,7823),(136,85,7821),(137,76,7819),(138,76,7874),(139,76,7842),(140,76,7833),(141,76,7829),(142,76,7821),(149,21,28),(150,21,5824),(151,88,2),(152,74,7819),(153,74,7829),(154,74,7874),(155,74,7842),(156,74,7833),(157,89,7819),(158,89,7829),(159,89,7874),(160,89,7842),(161,89,7833),(162,101,2),(163,102,2),(164,103,2),(165,107,2),(166,108,2),(167,109,2),(168,110,2),(169,111,28),(170,112,28),(171,113,28),(172,114,28),(173,115,28),(174,116,28),(175,117,28),(176,118,28),(177,119,28),(178,120,28),(180,122,28),(181,123,28),(182,124,28),(184,126,28),(185,127,28),(186,121,28),(187,121,5831),(188,128,28),(189,128,5831),(190,129,28),(191,129,5831),(192,130,28),(193,130,5831),(194,131,28),(195,131,5831),(196,132,28),(197,132,5831),(198,133,28),(199,133,5831),(200,134,28),(201,134,5831),(202,135,28),(203,135,5831),(204,136,28),(205,136,5831),(206,137,28),(207,137,5831),(208,138,28),(209,138,5831),(210,139,28),(211,139,5831),(212,140,28),(213,140,5831),(214,141,28),(215,141,5831),(216,142,28),(217,142,5831),(218,143,2),(219,144,2),(220,146,28),(221,146,5831),(222,147,28),(223,147,5831),(226,151,2),(227,152,2),(228,153,2),(229,154,2),(231,156,2),(232,162,28),(233,163,2),(234,164,7819),(235,168,2),(236,169,2),(237,170,2),(238,171,2),(239,177,2),(240,178,2),(241,179,2),(242,180,2),(244,182,2),(245,183,2),(246,184,2),(247,185,2),(248,186,2),(249,187,2),(250,188,28),(253,190,2),(254,190,4207),(259,196,2),(261,149,36),(262,150,36),(263,155,36),(265,46,36),(266,38,2),(267,42,1),(268,42,6),(269,42,5),(270,42,3),(271,42,2),(273,207,2),(275,210,7831),(276,210,7829),(277,210,10469),(278,210,7819),(279,210,10466),(280,210,10465),(281,210,10467),(282,210,7821),(283,210,7880),(284,210,7825),(285,210,7823),(286,210,7827),(287,210,7842),(288,210,7874),(289,210,7833),(290,210,7908),(291,210,10468),(292,211,7831),(293,211,7829),(294,211,10469),(295,211,7819),(296,211,10466),(297,211,10465),(298,211,10467),(299,211,7821),(300,211,7880),(301,211,7825),(302,211,7823),(303,211,7827),(304,211,7842),(305,211,7874),(306,211,7833),(307,211,7908),(308,211,10468),(309,212,7831),(310,212,7829),(311,212,10469),(312,212,7819),(313,212,10466),(314,212,10465),(315,212,10467),(316,212,7821),(317,212,7880),(318,212,7825),(319,212,7823),(320,212,7827),(321,212,7842),(322,212,7874),(323,212,7833),(324,212,7908),(325,212,10468),(328,215,36),(330,214,2),(331,220,2),(332,231,1),(333,231,6),(334,231,5),(335,231,3),(336,231,2),(337,232,1),(338,232,6),(339,232,5),(340,232,3),(341,232,2),(342,233,10475),(343,233,7831),(344,233,7829),(345,233,10469),(346,233,7819),(347,233,10466),(348,233,10465),(349,233,10467),(350,233,7821),(351,233,7880),(352,233,7825),(353,233,7823),(354,233,7827),(355,233,7842),(356,233,7874),(357,233,7833),(358,233,7908),(359,233,10468),(361,213,36),(362,235,2),(363,236,2),(365,238,2),(368,241,2),(380,239,1),(381,239,6),(382,239,5),(383,239,3),(384,239,2),(385,239,4207),(386,243,2),(387,343,1),(388,343,6),(389,343,5),(390,343,3),(391,343,2),(392,344,1),(393,344,6),(394,344,5),(395,344,3),(396,344,2),(397,345,1),(398,345,6),(399,345,5),(400,345,3),(401,345,2),(402,376,2),(403,377,2),(407,381,28),(408,382,28),(432,411,2),(433,412,2),(434,413,2),(436,420,1),(437,420,6),(438,420,5),(439,420,3),(440,420,2),(441,421,10469),(442,434,2),(444,456,2),(445,456,36),(446,493,1),(447,493,2),(448,495,2),(449,500,2),(460,511,1),(461,511,6),(462,511,5),(463,511,3),(464,511,2),(465,512,1),(466,512,6),(467,512,5),(468,512,3),(469,512,2),(470,513,1),(471,513,6),(472,513,5),(473,513,3),(474,513,2),(475,514,1),(476,514,6),(477,514,5),(478,514,3),(479,514,2),(480,515,1),(481,515,6),(482,515,5),(483,515,3),(484,515,2),(503,545,28),(504,545,5831),(507,573,11285),(508,573,11287),(512,577,11288),(513,577,11290),(514,577,11291),(515,577,11292),(516,578,11285),(517,578,11287),(523,579,11290),(524,579,11291),(525,580,11287),(526,581,11290),(527,581,11291),(528,582,11285),(529,583,11288),(530,583,11292),(531,584,11287),(532,585,11285),(533,586,11288),(534,586,11292),(535,587,11285),(536,588,11290),(537,588,11291),(538,589,11290),(539,589,11291),(540,590,11287),(541,591,11288),(542,591,11292),(543,592,11285),(544,593,11288),(545,593,11292),(546,594,11287),(547,595,11286),(553,600,1),(555,602,6),(556,602,2),(562,605,11305),(571,607,11285),(572,608,11288),(576,575,11288),(577,575,11290),(578,575,11291),(579,575,11292),(585,610,11309),(589,614,2),(596,609,11293),(597,609,11295),(598,609,11296),(599,609,11297),(608,606,11301),(609,606,11302),(610,606,11303),(611,606,11304),(612,606,11305),(613,606,11306),(614,606,11307),(615,606,11308),(625,616,11301),(626,616,11302),(627,616,11303),(628,616,11304),(629,616,11305),(630,616,11306),(631,616,11307),(632,616,11308),(653,624,11309),(657,625,6),(658,626,6),(659,601,2),(660,601,6),(690,510,2),(691,510,36),(692,630,2),(693,630,36),(698,631,2),(699,631,6),(700,632,2),(701,632,6),(702,633,2),(703,633,6),(704,634,2),(705,634,6),(706,635,2),(707,635,6),(708,636,2),(709,636,6),(710,637,2),(711,637,6),(712,638,2),(713,638,6),(714,639,2),(715,639,6),(716,640,2),(717,640,6),(718,641,2),(719,641,6),(727,645,11309),(729,646,11293),(730,646,11294),(731,646,11295),(732,646,11296),(733,646,11297),(739,648,11293),(740,648,11294),(741,648,11295),(742,648,11296),(743,648,11297),(750,654,5831),(751,654,5830),(752,654,5828),(753,654,28),(754,654,11282),(755,654,11281),(756,656,11293);
/*!40000 ALTER TABLE `tbl_permission_groups` ENABLE KEYS */;
UNLOCK TABLES;

--
-- Table structure for table `tbl_user_groups`
--

DROP TABLE IF EXISTS `tbl_user_groups`;
/*!40101 SET @saved_cs_client     = @@character_set_client */;
/*!50503 SET character_set_client = utf8mb4 */;
CREATE TABLE `tbl_user_groups` (
  `id` int NOT NULL AUTO_INCREMENT,
  `user_id` int NOT NULL,
  `group_id` int DEFAULT NULL,
  `is_head` tinyint(1) DEFAULT '0',
  PRIMARY KEY (`id`)
) ENGINE=InnoDB AUTO_INCREMENT=9786 DEFAULT CHARSET=utf8 COLLATE=utf8_unicode_ci;
/*!40101 SET character_set_client = @saved_cs_client */;

--
-- Dumping data for table `tbl_user_groups`
--

LOCK TABLES `tbl_user_groups` WRITE;
/*!40000 ALTER TABLE `tbl_user_groups` DISABLE KEYS */;
INSERT INTO `tbl_user_groups` VALUES (5,1878,5824,0),(6,1878,5857,0),(7,1879,5824,0),(8,1879,5857,0),(9,1880,5824,0),(10,1880,5857,0),(19,1875,28,0),(20,1872,28,0),(23,1851,28,0),(25,566,5824,0),(26,566,5858,0),(28,1882,5824,0),(29,1882,5858,0),(30,1878,5858,0),(31,1883,5824,0),(32,1883,5858,0),(33,1861,5859,0),(35,1854,5832,0),(37,1870,5832,0),(38,1869,5832,0),(39,1868,5832,0),(40,1866,5831,0),(41,1865,5831,0),(46,885,5831,0),(52,1793,5831,0),(61,877,5831,0),(63,791,5831,0),(65,1882,5860,0),(68,1878,5860,0),(69,1883,5860,0),(70,192,5824,0),(71,192,5861,0),(76,1878,5861,0),(77,1879,5861,0),(78,1880,5861,0),(79,1885,5824,0),(80,1885,5861,0),(82,566,5861,0),(83,1882,5861,0),(84,1883,5861,0),(85,1886,5824,0),(86,1886,5862,0),(90,1879,5862,0),(91,1880,5862,0),(92,1888,5824,0),(93,1888,5862,0),(95,1882,5862,0),(96,1889,5824,0),(97,1889,5862,0),(98,1878,5862,0),(99,1883,5862,0),(100,879,28,0),(101,1856,28,0),(102,880,28,0),(103,1864,28,0),(104,1544,28,0),(105,878,28,0),(106,882,28,0),(108,883,28,0),(109,881,28,0),(110,884,28,0),(113,1890,5824,0),(114,1890,5863,0),(116,1891,5824,0),(117,1891,5863,0),(119,1892,5824,0),(120,1892,5863,0),(123,1879,5863,0),(124,1880,5863,0),(125,1894,5824,0),(126,1894,5863,0),(127,1882,5863,0),(128,1889,5863,0),(129,1878,5863,0),(130,1883,5863,0),(131,1895,5824,0),(132,1895,5864,0),(135,1879,5864,0),(136,1880,5864,0),(137,1896,5824,0),(138,1896,5864,0),(140,1882,5864,0),(141,1889,5864,0),(142,1878,5864,0),(143,1883,5864,0),(144,1897,5824,0),(145,1897,5865,0),(150,1880,5865,0),(152,1879,5865,0),(153,1900,5824,0),(154,1900,5865,0),(156,1882,5865,0),(157,1878,5865,0),(158,1883,5865,0),(159,1857,28,0),(160,1901,5824,0),(161,1901,5867,0),(165,1878,5867,0),(166,1880,5867,0),(168,1879,5867,0),(169,1903,5824,0),(170,1903,5867,0),(172,1882,5867,0),(173,1883,5867,0),(174,1904,5824,0),(175,1904,5868,0),(180,1878,5868,0),(181,1879,5868,0),(182,1880,5868,0),(183,1906,5824,0),(184,1906,5868,0),(186,1154,28,0),(187,1874,5832,0),(190,1878,5869,0),(191,1879,5869,0),(192,1880,5869,0),(193,1907,5824,0),(194,1907,5869,0),(196,1882,5869,0),(197,1883,5869,0),(198,1890,5869,0),(199,1908,5824,0),(200,1908,5869,0),(202,1882,5870,0),(204,1878,5870,0),(205,1883,5870,0),(207,1909,5824,0),(208,1909,5871,0),(211,1879,5871,0),(212,1880,5871,0),(213,1910,5824,0),(214,1910,5871,0),(216,1882,5871,0),(217,1889,5871,0),(218,1878,5871,0),(219,1883,5871,0),(221,1882,5872,0),(223,1878,5872,0),(224,1883,5872,0),(225,1890,5873,0),(227,1911,5824,0),(228,1911,5873,0),(230,1912,5824,0),(231,1912,5873,0),(232,1913,5824,0),(233,1913,5873,0),(234,1914,5824,0),(235,1914,5873,0),(239,1878,5873,0),(240,1879,5873,0),(241,1880,5873,0),(242,1916,5824,0),(243,1916,5873,0),(244,566,5873,0),(245,1882,5873,0),(246,1883,5873,0),(248,566,5874,0),(250,1882,5874,0),(251,1878,5874,0),(252,1883,5874,0),(253,1917,5824,0),(254,1917,5875,0),(257,1879,5875,0),(258,1880,5875,0),(259,1918,5824,0),(260,1918,5875,0),(262,1882,5875,0),(263,1889,5875,0),(264,1878,5875,0),(265,1883,5875,0),(266,1917,5876,0),(269,1879,5876,0),(270,1880,5876,0),(271,1919,5824,0),(272,1919,5876,0),(274,1882,5876,0),(275,1889,5876,0),(276,1878,5876,0),(277,1883,5876,0),(278,1892,5877,0),(281,1879,5877,0),(282,1880,5877,0),(283,1920,5824,0),(284,1920,5877,0),(286,1882,5877,0),(287,1889,5877,0),(288,1878,5877,0),(289,1883,5877,0),(290,1892,5878,0),(293,1879,5878,0),(294,1880,5878,0),(295,1921,5824,0),(296,1921,5878,0),(298,1882,5878,0),(299,1889,5878,0),(300,1878,5878,0),(301,1883,5878,0),(303,1882,5879,0),(305,1889,5879,0),(306,1878,5879,0),(307,1883,5879,0),(308,1895,5879,0),(310,1879,5879,0),(311,1880,5879,0),(312,1922,5824,0),(313,1922,5879,0),(314,1892,5880,0),(317,1879,5880,0),(318,1880,5880,0),(319,1921,5880,0),(321,1882,5880,0),(322,1889,5880,0),(323,1878,5880,0),(324,1883,5880,0),(325,1892,5881,0),(328,1879,5881,0),(329,1880,5881,0),(330,1923,5824,0),(331,1923,5881,0),(333,1882,5881,0),(334,1889,5881,0),(335,1878,5881,0),(336,1883,5881,0),(337,1897,5882,0),(340,1880,5882,0),(342,1879,5882,0),(343,1924,5824,0),(344,1924,5882,0),(346,1882,5882,0),(347,1878,5882,0),(348,1883,5882,0),(349,1890,5883,0),(351,1913,5883,0),(353,566,5883,0),(354,1882,5883,0),(355,1878,5883,0),(356,1883,5883,0),(357,1897,5884,0),(360,1880,5884,0),(362,1879,5884,0),(363,1924,5884,0),(365,1882,5884,0),(366,1878,5884,0),(367,1883,5884,0),(368,1909,5885,0),(371,1879,5885,0),(372,1880,5885,0),(373,1910,5885,0),(375,1882,5885,0),(376,1889,5885,0),(377,1878,5885,0),(378,1883,5885,0),(380,1882,5886,0),(382,1878,5886,0),(383,1883,5886,0),(385,566,5887,0),(387,1882,5887,0),(388,1878,5887,0),(389,1883,5887,0),(391,566,5888,0),(393,1882,5888,0),(394,1878,5888,0),(395,1883,5888,0),(397,566,5889,0),(399,1882,5889,0),(400,1878,5889,0),(401,1883,5889,0),(403,566,5890,0),(405,1882,5890,0),(406,1878,5890,0),(407,1883,5890,0),(408,1890,5891,0),(410,1913,5891,0),(412,566,5891,0),(413,1882,5891,0),(414,1878,5891,0),(415,1883,5891,0),(417,566,5892,0),(419,1882,5892,0),(420,1878,5892,0),(421,1883,5892,0),(422,1901,5893,0),(425,1878,5893,0),(426,1880,5893,0),(428,1879,5893,0),(429,1925,5824,0),(430,1925,5893,0),(432,1882,5893,0),(433,1883,5893,0),(435,566,5894,0),(437,1882,5894,0),(438,1878,5894,0),(439,1883,5894,0),(441,566,5895,0),(443,1882,5895,0),(444,1878,5895,0),(445,1883,5895,0),(446,1909,5896,0),(449,1879,5896,0),(450,1880,5896,0),(451,1926,5824,0),(452,1926,5896,0),(454,1882,5896,0),(455,1889,5896,0),(456,1878,5896,0),(457,1883,5896,0),(459,1882,5897,0),(461,1878,5897,0),(462,1883,5897,0),(463,1927,5824,0),(464,1927,5897,0),(467,1880,5897,0),(468,1879,5897,0),(469,1928,5824,0),(470,1928,5897,0),(471,1929,5824,0),(472,1929,5898,0),(475,1878,5898,0),(476,1880,5898,0),(478,1879,5898,0),(479,1930,5824,0),(480,1930,5898,0),(482,1882,5898,0),(483,1883,5898,0),(485,1882,5899,0),(487,1878,5899,0),(488,1883,5899,0),(489,1901,5900,0),(492,1878,5900,0),(493,1880,5900,0),(495,1879,5900,0),(496,1931,5824,0),(497,1931,5900,0),(499,1882,5900,0),(500,1883,5900,0),(502,1882,5901,0),(504,1878,5901,0),(505,1883,5901,0),(506,1927,5902,0),(509,1880,5902,0),(511,1879,5902,0),(512,1932,5824,0),(513,1932,5902,0),(515,1882,5902,0),(516,1878,5902,0),(517,1883,5902,0),(518,1933,5824,0),(519,1933,5903,0),(523,1878,5903,0),(524,1879,5903,0),(525,1880,5903,0),(526,1934,5824,0),(527,1934,5903,0),(529,1890,5903,0),(530,1935,5824,0),(531,1935,5903,0),(532,566,5903,0),(533,1882,5903,0),(534,1883,5903,0),(536,566,5842,0),(538,1882,5842,0),(539,1878,5842,0),(540,1883,5842,0),(541,1929,5904,0),(544,1878,5904,0),(545,1880,5904,0),(547,1879,5904,0),(548,1930,5904,0),(550,1882,5904,0),(551,1883,5904,0),(556,1878,5905,0),(557,1879,5905,0),(558,1880,5905,0),(559,1937,5824,0),(560,1937,5905,0),(562,1882,5905,0),(563,1883,5905,0),(564,1895,5906,0),(567,1879,5906,0),(568,1880,5906,0),(569,1896,5906,0),(571,1890,5906,0),(572,1938,5824,0),(573,1938,5906,0),(574,1882,5906,0),(575,1889,5906,0),(576,1878,5906,0),(577,1883,5906,0),(578,1939,5824,0),(579,1939,5907,0),(583,1878,5907,0),(584,1879,5907,0),(585,1880,5907,0),(586,1940,5824,0),(587,1940,5907,0),(589,566,5907,0),(590,1882,5907,0),(591,1883,5907,0),(592,1904,5908,0),(596,1878,5908,0),(597,1879,5908,0),(598,1880,5908,0),(599,1941,5824,0),(600,1941,5908,0),(602,566,5908,0),(603,1882,5908,0),(604,1883,5908,0),(606,566,5909,0),(608,1882,5909,0),(609,1878,5909,0),(610,1883,5909,0),(611,1917,5910,0),(614,1879,5910,0),(615,1880,5910,0),(616,1942,5824,0),(617,1942,5910,0),(619,1882,5910,0),(620,1889,5910,0),(621,1878,5910,0),(622,1883,5910,0),(623,1929,5911,0),(626,1878,5911,0),(627,1880,5911,0),(629,1879,5911,0),(630,1943,5824,0),(631,1943,5911,0),(633,1882,5911,0),(634,1883,5911,0),(635,1933,5912,0),(639,1878,5912,0),(640,1879,5912,0),(641,1880,5912,0),(642,1934,5912,0),(644,566,5912,0),(645,1882,5912,0),(646,1883,5912,0),(647,1944,5824,0),(648,1944,5913,0),(651,1879,5913,0),(652,1880,5913,0),(653,1945,5824,0),(654,1945,5913,0),(656,1882,5913,0),(657,1889,5913,0),(658,1878,5913,0),(659,1883,5913,0),(660,1890,5914,0),(662,1946,5824,0),(663,1946,5914,0),(665,1886,5914,0),(667,1879,5914,0),(668,1880,5914,0),(669,1947,5824,0),(670,1947,5914,0),(671,1882,5914,0),(672,1889,5914,0),(673,1878,5914,0),(674,1883,5914,0),(675,1927,5915,0),(678,1880,5915,0),(680,1879,5915,0),(681,1932,5915,0),(683,1882,5915,0),(684,1878,5915,0),(685,1883,5915,0),(687,566,5916,0),(689,1882,5916,0),(690,1878,5916,0),(691,1883,5916,0),(692,1944,5917,0),(695,1879,5917,0),(696,1880,5917,0),(697,1945,5917,0),(699,1882,5917,0),(700,1889,5917,0),(701,1878,5917,0),(702,1883,5917,0),(703,192,5918,0),(707,1878,5918,0),(708,1879,5918,0),(709,1880,5918,0),(710,1885,5918,0),(712,566,5918,0),(713,1882,5918,0),(714,1883,5918,0),(715,1914,5919,0),(719,1878,5919,0),(720,1879,5919,0),(721,1880,5919,0),(722,1948,5824,0),(723,1948,5919,0),(725,1890,5919,0),(726,1913,5919,0),(727,566,5919,0),(728,1882,5919,0),(729,1883,5919,0),(730,1949,5824,0),(731,1949,5920,0),(735,1878,5920,0),(736,1879,5920,0),(737,1880,5920,0),(738,1950,5824,0),(739,1950,5920,0),(741,566,5920,0),(742,1882,5920,0),(743,1883,5920,0),(744,1927,5921,0),(747,1880,5921,0),(749,1879,5921,0),(750,1951,5824,0),(751,1951,5921,0),(753,1882,5921,0),(754,1878,5921,0),(755,1883,5921,0),(756,1904,5922,0),(760,1878,5922,0),(761,1879,5922,0),(762,1880,5922,0),(763,1952,5824,0),(764,1952,5922,0),(766,566,5922,0),(767,1882,5922,0),(768,1883,5922,0),(770,1882,5923,0),(772,1878,5923,0),(773,1883,5923,0),(774,1904,5923,0),(777,1879,5923,0),(778,1880,5923,0),(779,1906,5923,0),(780,1953,5824,0),(781,1953,5895,0),(784,1879,5895,0),(785,1880,5895,0),(786,1954,5824,0),(787,1954,5895,0),(789,1882,5924,0),(791,1878,5924,0),(792,1883,5924,0),(793,1949,5925,0),(797,1878,5925,0),(798,1879,5925,0),(799,1880,5925,0),(800,1950,5925,0),(802,566,5925,0),(803,1882,5925,0),(804,1883,5925,0),(805,1917,5926,0),(808,1879,5926,0),(809,1880,5926,0),(810,1942,5926,0),(812,1882,5926,0),(813,1889,5926,0),(814,1878,5926,0),(815,1883,5926,0),(816,1901,5927,0),(819,1878,5927,0),(820,1880,5927,0),(822,1879,5927,0),(823,1903,5927,0),(825,1882,5927,0),(826,1883,5927,0),(829,1878,5928,0),(830,1879,5928,0),(831,1880,5928,0),(832,1907,5928,0),(834,1882,5928,0),(835,1883,5928,0),(836,1914,5929,0),(840,1878,5929,0),(841,1879,5929,0),(842,1880,5929,0),(843,1948,5929,0),(845,1890,5929,0),(846,1913,5929,0),(847,566,5929,0),(848,1882,5929,0),(849,1883,5929,0),(850,1904,5930,0),(854,1878,5930,0),(855,1879,5930,0),(856,1880,5930,0),(857,1941,5930,0),(859,1882,5930,0),(860,1883,5930,0),(861,1914,5931,0),(865,1878,5931,0),(866,1879,5931,0),(867,1880,5931,0),(868,1916,5931,0),(870,566,5931,0),(871,1882,5931,0),(872,1883,5931,0),(873,1914,5932,0),(877,1878,5932,0),(878,1879,5932,0),(879,1880,5932,0),(880,1916,5932,0),(882,566,5932,0),(883,1882,5932,0),(884,1883,5932,0),(885,1939,5889,0),(888,1879,5889,0),(889,1880,5889,0),(890,1940,5889,0),(891,1933,5933,0),(895,1878,5933,0),(896,1879,5933,0),(897,1880,5933,0),(898,1934,5933,0),(900,566,5933,0),(901,1882,5933,0),(902,1883,5933,0),(904,566,5934,0),(906,1882,5934,0),(907,1878,5934,0),(908,1883,5934,0),(909,1914,5935,0),(913,1878,5935,0),(914,1879,5935,0),(915,1880,5935,0),(916,1948,5935,0),(918,566,5935,0),(919,1882,5935,0),(920,1883,5935,0),(921,1897,5936,0),(924,1880,5936,0),(926,1879,5936,0),(927,1924,5936,0),(929,1882,5936,0),(930,1878,5936,0),(931,1883,5936,0),(932,1933,5937,0),(936,1878,5937,0),(937,1879,5937,0),(938,1880,5937,0),(939,1934,5937,0),(941,566,5937,0),(942,1882,5937,0),(943,1883,5937,0),(944,1933,5938,0),(948,1878,5938,0),(949,1879,5938,0),(950,1880,5938,0),(951,1934,5938,0),(953,566,5938,0),(954,1882,5938,0),(955,1883,5938,0),(957,566,5939,0),(959,1882,5939,0),(960,1878,5939,0),(961,1883,5939,0),(962,1953,5939,0),(965,1879,5939,0),(966,1880,5939,0),(967,1955,5824,0),(968,1955,5939,0),(969,1933,5883,0),(972,1879,5883,0),(973,1880,5883,0),(974,1956,5824,0),(975,1956,5883,0),(980,1878,5940,0),(981,1879,5940,0),(982,1880,5940,0),(983,1958,5824,0),(984,1958,5940,0),(986,1882,5940,0),(987,1883,5940,0),(988,1939,5941,0),(992,1878,5941,0),(993,1879,5941,0),(994,1880,5941,0),(995,1959,5824,0),(996,1959,5941,0),(998,566,5941,0),(999,1882,5941,0),(1000,1883,5941,0),(1001,1909,5942,0),(1004,1879,5942,0),(1005,1880,5942,0),(1006,1960,5824,0),(1007,1960,5942,0),(1009,1882,5942,0),(1010,1889,5942,0),(1011,1878,5942,0),(1012,1883,5942,0),(1013,1917,5943,0),(1016,1879,5943,0),(1017,1880,5943,0),(1018,1942,5943,0),(1020,1882,5943,0),(1021,1889,5943,0),(1022,1878,5943,0),(1023,1883,5943,0),(1024,1917,5944,0),(1027,1879,5944,0),(1028,1880,5944,0),(1029,1919,5944,0),(1031,1882,5944,0),(1032,1889,5944,0),(1033,1878,5944,0),(1034,1883,5944,0),(1035,1914,5872,0),(1038,1879,5872,0),(1039,1880,5872,0),(1040,1916,5872,0),(1042,1882,5945,0),(1044,1878,5945,0),(1045,1883,5945,0),(1046,1953,5946,0),(1050,1878,5946,0),(1051,1879,5946,0),(1052,1880,5946,0),(1053,1961,5824,0),(1054,1961,5946,0),(1056,1882,5946,0),(1057,1883,5946,0),(1058,1962,5824,0),(1059,1962,5947,0),(1062,1879,5947,0),(1063,1880,5947,0),(1064,1963,5824,0),(1065,1963,5947,0),(1067,1882,5947,0),(1068,1889,5947,0),(1069,1878,5947,0),(1070,1883,5947,0),(1071,1890,5948,0),(1073,1964,5824,0),(1074,1964,5948,0),(1076,566,5948,0),(1077,1882,5948,0),(1078,1878,5948,0),(1079,1883,5948,0),(1080,1933,5948,0),(1083,1879,5948,0),(1084,1880,5948,0),(1085,1965,5824,0),(1086,1965,5948,0),(1087,192,5949,0),(1091,1878,5949,0),(1092,1879,5949,0),(1093,1880,5949,0),(1094,1966,5824,0),(1095,1966,5949,0),(1097,1882,5949,0),(1098,1883,5949,0),(1099,192,5950,0),(1103,1878,5950,0),(1104,1879,5950,0),(1105,1880,5950,0),(1106,1967,5824,0),(1107,1967,5950,0),(1109,566,5950,0),(1110,1882,5950,0),(1111,1883,5950,0),(1112,1897,5951,0),(1115,1880,5951,0),(1117,1879,5951,0),(1118,1924,5951,0),(1120,1882,5951,0),(1121,1878,5951,0),(1122,1883,5951,0),(1123,1929,5952,0),(1126,1878,5952,0),(1127,1880,5952,0),(1129,1879,5952,0),(1130,1943,5952,0),(1132,1882,5952,0),(1133,1883,5952,0),(1134,1886,5953,0),(1137,1879,5953,0),(1138,1880,5953,0),(1139,1888,5953,0),(1141,1882,5953,0),(1142,1889,5953,0),(1143,1878,5953,0),(1144,1883,5953,0),(1145,1892,5954,0),(1148,1879,5954,0),(1149,1880,5954,0),(1150,1921,5954,0),(1152,1882,5954,0),(1153,1889,5954,0),(1154,1878,5954,0),(1155,1883,5954,0),(1156,1904,5955,0),(1160,1878,5955,0),(1161,1879,5955,0),(1162,1880,5955,0),(1163,1968,5824,0),(1164,1968,5955,0),(1166,566,5955,0),(1167,1882,5955,0),(1168,1883,5955,0),(1170,566,5956,0),(1172,1882,5956,0),(1173,1878,5956,0),(1174,1883,5956,0),(1175,1953,5956,0),(1178,1879,5956,0),(1179,1880,5956,0),(1180,1955,5956,0),(1181,1927,5957,0),(1184,1880,5957,0),(1186,1879,5957,0),(1187,1951,5957,0),(1189,1882,5957,0),(1190,1878,5957,0),(1191,1883,5957,0),(1192,1944,5958,0),(1195,1879,5958,0),(1196,1880,5958,0),(1197,1945,5958,0),(1199,1882,5958,0),(1200,1889,5958,0),(1201,1878,5958,0),(1202,1883,5958,0),(1203,1933,5959,0),(1207,1878,5959,0),(1208,1879,5959,0),(1209,1880,5959,0),(1210,1969,5824,0),(1211,1969,5959,0),(1213,1890,5959,0),(1214,1970,5824,0),(1215,1970,5959,0),(1216,566,5959,0),(1217,1882,5959,0),(1218,1883,5959,0),(1219,1892,5960,0),(1222,1879,5960,0),(1223,1880,5960,0),(1224,1921,5960,0),(1226,1882,5960,0),(1227,1889,5960,0),(1228,1878,5960,0),(1229,1883,5960,0),(1231,566,5961,0),(1233,1882,5961,0),(1234,1878,5961,0),(1235,1883,5961,0),(1236,1904,5961,0),(1239,1879,5961,0),(1240,1880,5961,0),(1241,1971,5824,0),(1242,1971,5961,0),(1244,566,5962,0),(1246,1882,5962,0),(1247,1878,5962,0),(1248,1883,5962,0),(1249,1953,5962,0),(1252,1879,5962,0),(1253,1880,5962,0),(1254,1955,5962,0),(1255,1927,5963,0),(1258,1880,5963,0),(1260,1879,5963,0),(1261,1932,5963,0),(1263,1882,5963,0),(1264,1878,5963,0),(1265,1883,5963,0),(1266,192,5964,0),(1270,1878,5964,0),(1271,1879,5964,0),(1272,1880,5964,0),(1273,1967,5964,0),(1275,566,5964,0),(1276,1882,5964,0),(1277,1883,5964,0),(1278,1953,5965,0),(1282,1878,5965,0),(1283,1879,5965,0),(1284,1880,5965,0),(1285,1961,5965,0),(1287,566,5965,0),(1288,1882,5965,0),(1289,1883,5965,0),(1290,1895,5966,0),(1293,1879,5966,0),(1294,1880,5966,0),(1295,1896,5966,0),(1297,1882,5966,0),(1298,1889,5966,0),(1299,1878,5966,0),(1300,1883,5966,0),(1302,1882,5967,0),(1304,1878,5967,0),(1305,1883,5967,0),(1306,1882,5868,0),(1307,1883,5868,0),(1309,1882,5968,0),(1311,1878,5968,0),(1312,1883,5968,0),(1313,1933,5968,0),(1316,1879,5968,0),(1317,1880,5968,0),(1318,1965,5968,0),(1319,1901,5969,0),(1322,1878,5969,0),(1323,1880,5969,0),(1325,1879,5969,0),(1326,1903,5969,0),(1328,1882,5969,0),(1329,1883,5969,0),(1330,1892,5970,0),(1333,1879,5970,0),(1334,1880,5970,0),(1335,1920,5970,0),(1337,1882,5970,0),(1338,1889,5970,0),(1339,1878,5970,0),(1340,1883,5970,0),(1341,1904,5971,0),(1345,1878,5971,0),(1346,1879,5971,0),(1347,1880,5971,0),(1348,1968,5971,0),(1350,566,5971,0),(1351,1882,5971,0),(1352,1883,5971,0),(1353,1901,5972,0),(1356,1878,5972,0),(1357,1880,5972,0),(1359,1879,5972,0),(1360,1931,5972,0),(1362,1882,5972,0),(1363,1883,5972,0),(1364,192,5973,0),(1368,1878,5973,0),(1369,1879,5973,0),(1370,1880,5973,0),(1371,1972,5824,0),(1372,1972,5973,0),(1374,566,5973,0),(1375,1882,5973,0),(1376,1883,5973,0),(1377,1901,5974,0),(1380,1878,5974,0),(1381,1880,5974,0),(1383,1879,5974,0),(1384,1931,5974,0),(1386,1882,5974,0),(1387,1883,5974,0),(1388,1939,5887,0),(1391,1879,5887,0),(1392,1880,5887,0),(1393,1940,5887,0),(1395,1882,5975,0),(1397,1878,5975,0),(1398,1883,5975,0),(1400,566,5976,0),(1402,1882,5976,0),(1403,1878,5976,0),(1404,1883,5976,0),(1405,1949,5976,0),(1408,1879,5976,0),(1409,1880,5976,0),(1410,1973,5824,0),(1411,1973,5976,0),(1413,566,5977,0),(1415,1882,5977,0),(1416,1878,5977,0),(1417,1883,5977,0),(1418,1939,5977,0),(1421,1879,5977,0),(1422,1880,5977,0),(1423,1974,5824,0),(1424,1974,5977,0),(1425,1897,5978,0),(1428,1880,5978,0),(1430,1879,5978,0),(1431,1900,5978,0),(1433,1882,5978,0),(1434,1878,5978,0),(1435,1883,5978,0),(1436,1909,5979,0),(1439,1879,5979,0),(1440,1880,5979,0),(1441,1910,5979,0),(1443,1882,5979,0),(1444,1889,5979,0),(1445,1878,5979,0),(1446,1883,5979,0),(1447,1933,5980,0),(1451,1878,5980,0),(1452,1879,5980,0),(1453,1880,5980,0),(1454,1975,5824,0),(1455,1975,5980,0),(1457,566,5980,0),(1458,1882,5980,0),(1459,1883,5980,0),(1460,1933,5981,0),(1464,1878,5981,0),(1465,1879,5981,0),(1466,1880,5981,0),(1467,1976,5824,0),(1468,1976,5981,0),(1470,566,5981,0),(1471,1882,5981,0),(1472,1883,5981,0),(1473,1914,5891,0),(1476,1879,5891,0),(1477,1880,5891,0),(1478,1948,5891,0),(1479,1914,5982,0),(1483,1878,5982,0),(1484,1879,5982,0),(1485,1880,5982,0),(1486,1916,5982,0),(1488,566,5982,0),(1489,1882,5982,0),(1490,1883,5982,0),(1491,1977,5824,0),(1492,1977,5983,0),(1496,1878,5983,0),(1497,1879,5983,0),(1498,1880,5983,0),(1499,1978,5824,0),(1500,1978,5983,0),(1502,1882,5983,0),(1503,1883,5983,0),(1504,1892,5984,0),(1507,1879,5984,0),(1508,1880,5984,0),(1509,1923,5984,0),(1511,1882,5984,0),(1512,1889,5984,0),(1513,1878,5984,0),(1514,1883,5984,0),(1515,1933,5985,0),(1519,1878,5985,0),(1520,1879,5985,0),(1521,1880,5985,0),(1522,1969,5985,0),(1524,566,5985,0),(1525,1882,5985,0),(1526,1883,5985,0),(1527,1904,5986,0),(1531,1878,5986,0),(1532,1879,5986,0),(1533,1880,5986,0),(1534,1941,5986,0),(1536,566,5986,0),(1537,1882,5986,0),(1538,1883,5986,0),(1540,566,5987,0),(1542,1882,5987,0),(1543,1878,5987,0),(1544,1883,5987,0),(1545,1904,5988,0),(1549,1878,5988,0),(1550,1879,5988,0),(1551,1880,5988,0),(1552,1968,5988,0),(1554,566,5988,0),(1555,1882,5988,0),(1556,1883,5988,0),(1557,1890,5989,0),(1559,1913,5989,0),(1561,1914,5989,0),(1564,1878,5989,0),(1565,1879,5989,0),(1566,1880,5989,0),(1567,1916,5989,0),(1568,566,5989,0),(1569,1882,5989,0),(1570,1883,5989,0),(1571,1871,5832,0),(1572,1892,5990,0),(1575,1879,5990,0),(1576,1880,5990,0),(1577,1921,5990,0),(1579,1882,5990,0),(1580,1889,5990,0),(1581,1878,5990,0),(1582,1883,5990,0),(1585,1878,5991,0),(1586,1879,5991,0),(1587,1880,5991,0),(1588,1979,5824,0),(1589,1979,5991,0),(1591,1882,5991,0),(1592,1883,5991,0),(1593,1904,5992,0),(1597,1878,5992,0),(1598,1879,5992,0),(1599,1880,5992,0),(1600,1952,5992,0),(1602,566,5992,0),(1603,1882,5992,0),(1604,1883,5992,0),(1605,1904,5993,0),(1609,1878,5993,0),(1610,1879,5993,0),(1611,1880,5993,0),(1612,1941,5993,0),(1614,1882,5993,0),(1615,1883,5993,0),(1617,566,5994,0),(1619,1882,5994,0),(1620,1878,5994,0),(1621,1883,5994,0),(1624,1878,5995,0),(1625,1879,5995,0),(1626,1880,5995,0),(1627,1979,5995,0),(1629,1882,5995,0),(1630,1883,5995,0),(1631,1933,5996,0),(1635,1878,5996,0),(1636,1879,5996,0),(1637,1880,5996,0),(1638,1969,5996,0),(1640,566,5996,0),(1641,1882,5996,0),(1642,1883,5996,0),(1643,1892,5997,0),(1646,1879,5997,0),(1647,1880,5997,0),(1648,1921,5997,0),(1650,1882,5997,0),(1651,1889,5997,0),(1652,1878,5997,0),(1653,1883,5997,0),(1654,1901,5998,0),(1657,1878,5998,0),(1658,1880,5998,0),(1660,1879,5998,0),(1661,1903,5998,0),(1663,1882,5998,0),(1664,1883,5998,0),(1665,1901,5999,0),(1668,1878,5999,0),(1669,1880,5999,0),(1671,1879,5999,0),(1672,1931,5999,0),(1674,1882,5999,0),(1675,1883,5999,0),(1676,1901,6000,0),(1679,1878,6000,0),(1680,1880,6000,0),(1682,1879,6000,0),(1683,1925,6000,0),(1685,1882,6000,0),(1686,1883,6000,0),(1687,1892,6001,0),(1690,1879,6001,0),(1691,1880,6001,0),(1692,1920,6001,0),(1694,1882,6001,0),(1695,1889,6001,0),(1696,1878,6001,0),(1697,1883,6001,0),(1698,1892,6002,0),(1701,1879,6002,0),(1702,1880,6002,0),(1703,1923,6002,0),(1705,1882,6002,0),(1706,1889,6002,0),(1707,1878,6002,0),(1708,1883,6002,0),(1710,1882,6003,0),(1712,1878,6003,0),(1713,1883,6003,0),(1715,1882,6004,0),(1717,1878,6004,0),(1718,1883,6004,0),(1719,1917,6010,0),(1722,1879,6010,0),(1723,1880,6010,0),(1724,1980,5824,0),(1725,1980,6010,0),(1727,1882,6010,0),(1728,1889,6010,0),(1729,1878,6010,0),(1730,1883,6010,0),(1731,1917,6030,0),(1734,1879,6030,0),(1735,1880,6030,0),(1736,1919,6030,0),(1738,1882,6030,0),(1739,1889,6030,0),(1740,1878,6030,0),(1741,1883,6030,0),(1745,1878,6038,0),(1746,1879,6038,0),(1747,1880,6038,0),(1748,1958,6038,0),(1750,1882,6038,0),(1751,1883,6038,0),(1752,1981,5824,0),(1753,1981,6055,0),(1757,1878,6055,0),(1758,1879,6055,0),(1759,1880,6055,0),(1760,1983,5824,0),(1761,1983,6055,0),(1763,1882,6055,0),(1764,1883,6055,0),(1765,1914,6071,0),(1769,1878,6071,0),(1770,1879,6071,0),(1771,1880,6071,0),(1772,1916,6071,0),(1774,566,6071,0),(1775,1882,6071,0),(1776,1883,6071,0),(1777,1933,5888,0),(1780,1879,5888,0),(1781,1880,5888,0),(1782,1984,5824,0),(1783,1984,5888,0),(1784,1886,6111,0),(1787,1879,6111,0),(1788,1880,6111,0),(1789,1947,6111,0),(1791,1882,6111,0),(1792,1889,6111,0),(1793,1878,6111,0),(1794,1883,6111,0),(1795,1944,6119,0),(1798,1879,6119,0),(1799,1880,6119,0),(1800,1985,5824,0),(1801,1985,6119,0),(1803,1882,6119,0),(1804,1889,6119,0),(1805,1878,6119,0),(1806,1883,6119,0),(1807,1904,6127,0),(1811,1878,6127,0),(1812,1879,6127,0),(1813,1880,6127,0),(1814,1968,6127,0),(1816,566,6127,0),(1817,1882,6127,0),(1818,1883,6127,0),(1819,1933,6136,0),(1823,1878,6136,0),(1824,1879,6136,0),(1825,1880,6136,0),(1826,1976,6136,0),(1828,566,6136,0),(1829,1882,6136,0),(1830,1883,6136,0),(1833,1878,6145,0),(1834,1879,6145,0),(1835,1880,6145,0),(1836,1986,5824,0),(1837,1986,6145,0),(1839,1882,6145,0),(1840,1883,6145,0),(1844,1878,6152,0),(1845,1879,6152,0),(1846,1880,6152,0),(1847,1988,5824,0),(1848,1988,6152,0),(1850,1882,6152,0),(1851,1883,6152,0),(1853,1882,6159,0),(1855,1878,6159,0),(1856,1883,6159,0),(1859,1879,6003,0),(1860,1880,6003,0),(1861,1937,6003,0),(1863,1882,6180,0),(1865,1889,6180,0),(1866,1878,6180,0),(1867,1883,6180,0),(1868,1962,6180,0),(1870,1879,6180,0),(1871,1880,6180,0),(1872,1989,5824,0),(1873,1989,6180,0),(1877,1878,6182,0),(1878,1879,6182,0),(1879,1880,6182,0),(1880,1990,5824,0),(1881,1990,6182,0),(1883,1882,6182,0),(1884,1883,6182,0),(1885,1892,6190,0),(1888,1879,6190,0),(1889,1880,6190,0),(1890,1921,6190,0),(1892,1882,6190,0),(1893,1889,6190,0),(1894,1878,6190,0),(1895,1883,6190,0),(1897,1882,6234,0),(1899,1889,6234,0),(1900,1878,6234,0),(1901,1883,6234,0),(1902,1962,6234,0),(1904,1879,6234,0),(1905,1880,6234,0),(1906,1989,6234,0),(1907,1909,6242,0),(1910,1879,6242,0),(1911,1880,6242,0),(1912,1926,6242,0),(1914,1882,6242,0),(1915,1889,6242,0),(1916,1878,6242,0),(1917,1883,6242,0),(1918,1914,6249,0),(1922,1878,6249,0),(1923,1879,6249,0),(1924,1880,6249,0),(1925,1948,6249,0),(1927,1890,6249,0),(1928,1913,6249,0),(1929,566,6249,0),(1930,1882,6249,0),(1931,1883,6249,0),(1932,1895,6252,0),(1935,1879,6252,0),(1936,1880,6252,0),(1937,1991,5824,0),(1938,1991,6252,0),(1940,1882,6252,0),(1941,1889,6252,0),(1942,1878,6252,0),(1943,1883,6252,0),(1944,1914,6259,0),(1948,1878,6259,0),(1949,1879,6259,0),(1950,1880,6259,0),(1951,1916,6259,0),(1953,566,6259,0),(1954,1882,6259,0),(1955,1883,6259,0),(1956,1929,6272,0),(1959,1878,6272,0),(1960,1880,6272,0),(1962,1879,6272,0),(1963,1943,6272,0),(1965,1882,6272,0),(1966,1883,6272,0),(1967,1914,6280,0),(1971,1878,6280,0),(1972,1879,6280,0),(1973,1880,6280,0),(1974,1948,6280,0),(1976,1890,6280,0),(1977,1913,6280,0),(1978,566,6280,0),(1979,1882,6280,0),(1980,1883,6280,0),(1981,1929,6282,0),(1984,1878,6282,0),(1985,1880,6282,0),(1987,1879,6282,0),(1988,1930,6282,0),(1990,1882,6282,0),(1991,1883,6282,0),(1992,1981,6291,0),(1995,1878,6291,0),(1996,1879,6291,0),(1997,1880,6291,0),(1998,1983,6291,0),(2000,1882,6291,0),(2001,1883,6291,0),(2002,1904,6314,0),(2006,1878,6314,0),(2007,1879,6314,0),(2008,1880,6314,0),(2009,1952,6314,0),(2011,566,6314,0),(2012,1882,6314,0),(2013,1883,6314,0),(2014,1939,6315,0),(2018,1878,6315,0),(2019,1879,6315,0),(2020,1880,6315,0),(2021,1959,6315,0),(2023,566,6315,0),(2024,1882,6315,0),(2025,1883,6315,0),(2026,1890,5905,0),(2027,1992,5824,0),(2028,1992,5905,0),(2029,1962,6329,0),(2032,1879,6329,0),(2033,1880,6329,0),(2034,1993,5824,0),(2035,1993,6329,0),(2037,1882,6329,0),(2038,1889,6329,0),(2039,1878,6329,0),(2040,1883,6329,0),(2041,1901,6336,0),(2044,1878,6336,0),(2045,1880,6336,0),(2047,1879,6336,0),(2048,1903,6336,0),(2050,1882,6336,0),(2051,1883,6336,0),(2052,1944,6370,0),(2055,1879,6370,0),(2056,1880,6370,0),(2057,1945,6370,0),(2059,1882,6370,0),(2060,1889,6370,0),(2061,1878,6370,0),(2062,1883,6370,0),(2063,1949,6393,0),(2067,1878,6393,0),(2068,1879,6393,0),(2069,1880,6393,0),(2070,1950,6393,0),(2072,566,6393,0),(2073,1882,6393,0),(2074,1883,6393,0),(2075,1892,6410,0),(2078,1879,6410,0),(2079,1880,6410,0),(2080,1920,6410,0),(2082,1882,6410,0),(2083,1889,6410,0),(2084,1878,6410,0),(2085,1883,6410,0),(2086,1953,6418,0),(2090,1878,6418,0),(2091,1879,6418,0),(2092,1880,6418,0),(2093,1954,6418,0),(2095,566,6418,0),(2096,1882,6418,0),(2097,1883,6418,0),(2098,1929,6443,0),(2101,1878,6443,0),(2102,1880,6443,0),(2104,1879,6443,0),(2105,1930,6443,0),(2107,1882,6443,0),(2108,1883,6443,0),(2109,1927,6479,0),(2112,1880,6479,0),(2114,1879,6479,0),(2115,1951,6479,0),(2117,1882,6479,0),(2118,1878,6479,0),(2119,1883,6479,0),(2120,1890,6496,0),(2122,1992,6496,0),(2125,1878,6496,0),(2126,1879,6496,0),(2127,1880,6496,0),(2129,1882,6496,0),(2130,1883,6496,0),(2133,1880,6505,0),(2135,1879,6505,0),(2136,1900,6505,0),(2138,1882,6505,0),(2139,1878,6505,0),(2140,1883,6505,0),(2142,1882,6525,0),(2144,1889,6525,0),(2145,1878,6525,0),(2146,1883,6525,0),(2147,1962,6525,0),(2149,1879,6525,0),(2150,1880,6525,0),(2151,1989,6525,0),(2152,1892,6533,0),(2155,1879,6533,0),(2156,1880,6533,0),(2157,1921,6533,0),(2159,1882,6533,0),(2160,1889,6533,0),(2161,1878,6533,0),(2162,1883,6533,0),(2164,1882,5857,0),(2165,1883,5857,0),(2166,1895,6580,0),(2169,1879,6580,0),(2170,1880,6580,0),(2171,1994,5824,0),(2172,1994,6580,0),(2174,1882,6580,0),(2175,1889,6580,0),(2176,1878,6580,0),(2177,1883,6580,0),(2178,192,6596,0),(2182,1878,6596,0),(2183,1879,6596,0),(2184,1880,6596,0),(2185,1885,6596,0),(2187,566,6596,0),(2188,1882,6596,0),(2189,1883,6596,0),(2190,1909,6654,0),(2193,1879,6654,0),(2194,1880,6654,0),(2195,1926,6654,0),(2197,1882,6654,0),(2198,1889,6654,0),(2199,1878,6654,0),(2200,1883,6654,0),(2202,566,6656,0),(2204,1882,6656,0),(2205,1878,6656,0),(2206,1883,6656,0),(2207,1927,6661,0),(2210,1880,6661,0),(2212,1879,6661,0),(2213,1951,6661,0),(2215,1882,6661,0),(2216,1878,6661,0),(2217,1883,6661,0),(2218,1890,6678,0),(2220,1913,6678,0),(2222,1914,6678,0),(2225,1878,6678,0),(2226,1879,6678,0),(2227,1880,6678,0),(2228,1916,6678,0),(2229,566,6678,0),(2230,1882,6678,0),(2231,1883,6678,0),(2233,1882,6689,0),(2235,1878,6689,0),(2236,1883,6689,0),(2238,1882,6694,0),(2240,1878,6694,0),(2241,1883,6694,0),(2242,1933,6699,0),(2246,1878,6699,0),(2247,1879,6699,0),(2248,1880,6699,0),(2249,1969,6699,0),(2251,566,6699,0),(2252,1882,6699,0),(2253,1883,6699,0),(2255,1917,6712,0),(2258,1879,6712,0),(2259,1880,6712,0),(2260,1918,6712,0),(2262,1882,6712,0),(2263,1889,6712,0),(2264,1878,6712,0),(2265,1883,6712,0),(2266,192,6726,0),(2270,1878,6726,0),(2271,1879,6726,0),(2272,1880,6726,0),(2273,1966,6726,0),(2275,566,6726,0),(2276,1882,6726,0),(2277,1883,6726,0),(2278,1953,6735,0),(2282,1878,6735,0),(2283,1879,6735,0),(2284,1880,6735,0),(2285,1961,6735,0),(2287,566,6735,0),(2288,1882,6735,0),(2289,1883,6735,0),(2290,1933,6748,0),(2294,1878,6748,0),(2295,1879,6748,0),(2296,1880,6748,0),(2297,1975,6748,0),(2299,566,6748,0),(2300,1882,6748,0),(2301,1883,6748,0),(2302,192,6757,0),(2306,1878,6757,0),(2307,1879,6757,0),(2308,1880,6757,0),(2309,1967,6757,0),(2311,566,6757,0),(2312,1882,6757,0),(2313,1883,6757,0),(2315,1882,6765,0),(2317,1878,6765,0),(2318,1883,6765,0),(2319,1949,6765,0),(2322,1879,6765,0),(2323,1880,6765,0),(2324,1973,6765,0),(2325,192,6767,0),(2329,1878,6767,0),(2330,1879,6767,0),(2331,1880,6767,0),(2332,1972,6767,0),(2334,566,6767,0),(2335,1882,6767,0),(2336,1883,6767,0),(2337,192,6783,0),(2341,1878,6783,0),(2342,1879,6783,0),(2343,1880,6783,0),(2344,1966,6783,0),(2346,566,6783,0),(2347,1882,6783,0),(2348,1883,6783,0),(2351,1880,6798,0),(2353,1879,6798,0),(2354,1900,6798,0),(2356,1882,6798,0),(2357,1878,6798,0),(2358,1883,6798,0),(2360,1882,6805,0),(2362,1878,6805,0),(2363,1883,6805,0),(2364,1944,6811,0),(2367,1879,6811,0),(2368,1880,6811,0),(2369,1985,6811,0),(2371,1882,6811,0),(2372,1889,6811,0),(2373,1878,6811,0),(2374,1883,6811,0),(2375,1939,6823,0),(2379,1878,6823,0),(2380,1879,6823,0),(2381,1880,6823,0),(2382,1940,6823,0),(2384,566,6823,0),(2385,1882,6823,0),(2386,1883,6823,0),(2387,1927,6832,0),(2390,1880,6832,0),(2392,1879,6832,0),(2393,1951,6832,0),(2395,1882,6832,0),(2396,1878,6832,0),(2397,1883,6832,0),(2401,1878,6841,0),(2402,1879,6841,0),(2403,1880,6841,0),(2404,1995,5824,0),(2405,1995,6841,0),(2407,1882,6841,0),(2408,1883,6841,0),(2409,1895,6849,0),(2412,1879,6849,0),(2413,1880,6849,0),(2414,1994,6849,0),(2416,1882,6849,0),(2417,1889,6849,0),(2418,1878,6849,0),(2419,1883,6849,0),(2421,566,6856,0),(2423,1882,6856,0),(2424,1878,6856,0),(2425,1883,6856,0),(2427,566,6858,0),(2429,1882,6858,0),(2430,1878,6858,0),(2431,1883,6858,0),(2432,1933,6858,0),(2435,1879,6858,0),(2436,1880,6858,0),(2437,1965,6858,0),(2438,1917,6867,0),(2441,1879,6867,0),(2442,1880,6867,0),(2443,1919,6867,0),(2445,1882,6867,0),(2446,1889,6867,0),(2447,1878,6867,0),(2448,1883,6867,0),(2449,192,6875,0),(2453,1878,6875,0),(2454,1879,6875,0),(2455,1880,6875,0),(2456,1885,6875,0),(2458,566,6875,0),(2459,1882,6875,0),(2460,1883,6875,0),(2462,1882,6883,0),(2464,1878,6883,0),(2465,1883,6883,0),(2466,1904,6883,0),(2469,1879,6883,0),(2470,1880,6883,0),(2471,1971,6883,0),(2472,1962,6884,0),(2475,1879,6884,0),(2476,1880,6884,0),(2477,1963,6884,0),(2479,1882,6884,0),(2480,1889,6884,0),(2481,1878,6884,0),(2482,1883,6884,0),(2483,1901,6908,0),(2486,1878,6908,0),(2487,1880,6908,0),(2489,1879,6908,0),(2490,1903,6908,0),(2492,1882,6908,0),(2493,1883,6908,0),(2494,1953,6910,0),(2498,1878,6910,0),(2499,1879,6910,0),(2500,1880,6910,0),(2501,1961,6910,0),(2503,566,6910,0),(2504,1882,6910,0),(2505,1883,6910,0),(2507,566,6919,0),(2509,1882,6919,0),(2510,1878,6919,0),(2511,1883,6919,0),(2512,1949,6919,0),(2515,1879,6919,0),(2516,1880,6919,0),(2517,1973,6919,0),(2518,1904,6936,0),(2522,1878,6936,0),(2523,1879,6936,0),(2524,1880,6936,0),(2525,1968,6936,0),(2527,566,6936,0),(2528,1882,6936,0),(2529,1883,6936,0),(2530,1895,6960,0),(2533,1879,6960,0),(2534,1880,6960,0),(2535,1996,5824,0),(2536,1996,6960,0),(2538,1882,6960,0),(2539,1889,6960,0),(2540,1878,6960,0),(2541,1883,6960,0),(2543,566,6976,0),(2545,1882,6976,0),(2546,1878,6976,0),(2547,1883,6976,0),(2548,1953,6976,0),(2551,1879,6976,0),(2552,1880,6976,0),(2553,1955,6976,0),(2554,1981,6985,0),(2557,1878,6985,0),(2558,1879,6985,0),(2559,1880,6985,0),(2560,1983,6985,0),(2562,1882,6985,0),(2563,1883,6985,0),(2564,1901,7001,0),(2567,1878,7001,0),(2568,1880,7001,0),(2570,1879,7001,0),(2571,1925,7001,0),(2573,1882,7001,0),(2574,1883,7001,0),(2575,1917,7048,0),(2578,1879,7048,0),(2579,1880,7048,0),(2580,1980,7048,0),(2582,1882,7048,0),(2583,1889,7048,0),(2584,1878,7048,0),(2585,1883,7048,0),(2589,1878,7056,0),(2590,1879,7056,0),(2591,1880,7056,0),(2592,1995,7056,0),(2594,1882,7056,0),(2595,1883,7056,0),(2596,1904,7071,0),(2600,1878,7071,0),(2601,1879,7071,0),(2602,1880,7071,0),(2603,1941,7071,0),(2605,566,7071,0),(2606,1882,7071,0),(2607,1883,7071,0),(2610,1878,7094,0),(2611,1879,7094,0),(2612,1880,7094,0),(2613,1979,7094,0),(2615,1882,7094,0),(2616,1883,7094,0),(2617,192,5890,0),(2620,1879,5890,0),(2621,1880,5890,0),(2622,1885,5890,0),(2623,192,5894,0),(2626,1879,5894,0),(2627,1880,5894,0),(2628,1966,5894,0),(2629,1929,7102,0),(2632,1878,7102,0),(2633,1880,7102,0),(2635,1879,7102,0),(2636,1930,7102,0),(2638,1882,7102,0),(2639,1883,7102,0),(2640,1890,7118,0),(2642,1992,7118,0),(2645,1878,7118,0),(2646,1879,7118,0),(2647,1880,7118,0),(2649,1882,7118,0),(2650,1883,7118,0),(2720,1997,5824,0),(2929,1998,5824,0),(2939,1999,5824,0),(3116,2000,5824,0),(3999,2001,5824,0),(4570,2002,5824,0),(4624,2003,5824,0),(4927,2004,5824,0),(5150,2005,5824,0),(5944,876,28,0),(6174,1904,NULL,0),(6176,1886,NULL,0),(6191,1927,NULL,0),(6210,1953,NULL,0),(6223,1878,NULL,0),(6224,1880,NULL,0),(6248,1962,NULL,0),(6256,1933,NULL,0),(6257,1879,NULL,0),(6258,1968,NULL,0),(6259,1939,NULL,0),(6286,1892,NULL,0),(6287,1917,NULL,0),(6288,1929,NULL,0),(6310,1850,5831,0),(6321,2006,5824,0),(6585,2007,5824,0),(6587,2008,5824,0),(6589,2009,5824,0),(6591,2010,5824,0),(7563,1879,9800,0),(7564,1879,9714,0),(7567,1880,10545,0),(7568,1890,10546,0),(7569,1927,10069,0),(7571,1880,10549,0),(7621,1882,NULL,0),(7913,1895,NULL,0),(7968,1879,10780,0),(8015,566,NULL,0),(8034,1896,NULL,0),(8038,1941,NULL,0),(8077,1954,NULL,0),(8112,1938,NULL,0),(8132,192,NULL,0),(8234,1990,NULL,0),(8347,1920,NULL,0),(8428,1995,NULL,0),(8610,1888,NULL,0),(8615,1889,NULL,0),(8616,1883,NULL,0),(8618,1881,28,0),(8619,1881,5824,0),(8624,1933,7819,0),(8628,1878,7827,0),(8629,1879,7827,0),(8630,1880,7827,0),(8631,1969,7829,0),(8633,566,7833,0),(8634,1882,7833,0),(8635,1883,7833,0),(8636,1939,7819,0),(8637,1959,7829,0),(8640,1890,7908,0),(8641,1998,7842,0),(8642,1949,7819,0),(8644,1950,7829,0),(8645,1999,7842,0),(8646,1881,7842,0),(8647,1917,7819,0),(8649,1919,7874,0),(8650,1889,7833,0),(8651,1962,7819,0),(8653,1993,7874,0),(8654,1886,7819,0),(8655,1947,7829,0),(8656,1963,7829,0),(8657,192,7819,0),(8658,1967,7874,0),(8660,1988,7829,0),(8661,1895,7819,0),(8662,1896,7829,0),(8663,1904,7819,0),(8665,1941,7829,0),(8666,1914,7819,0),(8667,1916,7829,0),(8670,1937,7829,0),(8671,1927,7819,0),(8672,1928,7829,0),(8673,1953,7819,0),(8674,1954,7874,0),(8675,1979,7829,0),(8676,1932,7874,0),(8677,1901,7819,0),(8679,1931,7829,0),(8680,1990,7829,0),(8681,1900,7829,0),(8682,1968,7829,0),(8683,1907,7829,0),(8684,1952,7829,0),(8685,1948,7829,0),(8686,1913,7842,0),(8687,1974,7829,0),(8688,1929,7819,0),(8689,1943,7829,0),(8690,1958,7874,0),(8691,1966,7829,0),(8692,1892,7819,0),(8693,1920,7829,0),(8694,1989,7829,0),(8695,1908,7842,0),(8696,1891,7842,0),(8697,1894,7829,0),(8698,1992,7842,0),(8699,1885,7829,0),(8700,1944,7819,0),(8701,1945,7829,0),(8702,1955,7829,0),(8703,1924,7829,0),(8704,1938,7842,0),(8705,1940,7829,0),(8706,1956,7829,0),(8707,1923,7874,0),(8708,1918,7829,0),(8709,2002,7829,0),(8710,1971,7829,0),(8711,1925,7829,0),(8712,1995,7829,0),(8718,1997,7874,0),(8720,1921,7874,0),(8721,1934,7829,0),(8722,1935,7842,0),(8723,2000,7829,0),(8724,1909,7819,0),(8725,1960,7829,0),(8726,1911,7842,0),(8727,1912,7842,0),(8728,1994,7829,0),(8729,1981,7819,0),(8731,1983,7829,0),(8732,1951,7829,0),(8733,1942,7829,0),(8734,1991,7874,0),(8735,1973,7829,0),(8736,1985,7829,0),(8737,2003,7842,0),(8738,1961,7874,0),(8739,1903,7829,0),(8740,1964,7842,0),(8741,1965,7829,0),(8742,1980,7874,0),(8743,1922,7829,0),(8744,1975,7829,0),(8745,1977,7819,0),(8746,1978,7874,0),(8747,2001,7829,0),(8748,1970,7842,0),(8749,1984,7829,0),(8750,1888,7829,0),(8751,1930,7874,0),(8752,1972,7829,0),(8753,1926,7874,0),(8754,1976,7829,0),(8755,1910,7829,0),(8756,2004,7829,0),(8757,1986,7829,0),(8760,1877,5824,0),(8761,1877,7825,0),(8762,1982,5824,0),(8763,1982,7823,0),(8764,1987,5824,0),(8765,1987,7823,0),(8768,1887,5824,0),(8769,1887,7823,0),(8770,1893,5824,0),(8771,1893,7823,0),(8772,1898,5824,0),(8773,1898,7823,0),(8774,1902,5824,0),(8775,1902,7823,0),(8776,1876,5824,0),(8777,1876,7823,0),(8778,1915,5824,0),(8779,1915,7821,0),(8780,1884,5824,0),(8781,1884,7821,0),(8782,1957,5824,0),(8783,1957,7821,0),(8784,1905,5824,0),(8785,1905,7821,0),(8786,1829,5824,0),(8787,1829,5831,0),(8788,1829,7831,0),(8789,1996,7829,0),(8790,2005,7842,0),(8791,2011,5824,0),(8792,2011,7829,0),(8793,2012,5824,0),(8794,2012,7842,0),(8795,2013,5824,0),(8796,2013,7842,0),(8797,2006,7842,0),(8798,2014,5824,0),(8799,2014,7842,0),(8800,2015,5824,0),(8801,2015,7823,0),(8802,2016,5824,0),(8803,2016,7874,0),(8804,2017,5824,0),(8805,2017,7823,0),(8806,2018,5824,0),(8807,2018,7874,0),(8808,2019,5824,0),(8809,2019,7833,0),(8810,2007,7819,0),(8811,2008,7823,0),(8812,2009,7829,0),(8813,2010,10465,0),(8814,1946,7842,0),(8815,1906,7829,0),(8816,2020,5824,0),(8817,2020,7829,0),(8818,2021,5824,0),(8819,2021,7842,0),(8820,2022,5824,0),(8821,2022,7842,0),(8822,2023,5824,0),(8823,2023,7829,0),(8824,2024,5824,0),(8825,2024,7842,0),(8826,2025,5824,0),(8827,2025,7829,0),(8828,2026,28,NULL),(8829,2027,28,NULL),(8830,2028,28,NULL),(8831,2029,28,NULL),(8838,886,28,NULL),(8839,1044,5824,0),(8840,1044,7842,0),(8841,2031,5824,0),(8842,2031,7842,0),(8843,2032,5824,0),(8844,2032,7842,0),(8845,2033,5824,0),(8846,2033,7842,0),(8847,1920,7819,0),(8848,2034,5824,0),(8849,2034,10466,0),(8850,1851,5824,0),(8851,1851,10467,0),(8852,1988,7819,0),(8853,2035,5824,0),(8854,2035,7829,0),(8855,1881,10468,0),(8858,2036,5824,0),(8859,2036,10466,0),(8860,2037,5824,0),(8861,2037,7829,0),(8862,2038,5824,0),(8863,2038,10469,0),(8864,1912,7829,0),(8865,2039,5824,0),(8866,2039,7829,0),(8867,2040,5824,0),(8868,2040,7829,0),(8869,2041,5824,0),(8870,2041,7829,0),(8871,2042,5824,0),(8872,2042,7829,0),(8873,2043,5824,0),(8874,2043,7829,0),(8875,2044,5824,0),(8876,2044,7819,0),(8877,2045,5824,0),(8878,2045,7829,0),(8879,2046,5824,0),(8880,2046,7819,0),(8881,2047,5824,0),(8882,2047,7829,0),(8883,2048,5824,0),(8884,2048,7819,0),(8885,2049,5824,0),(8886,2049,7829,0),(8887,2050,5824,0),(8888,2050,7829,0),(8889,2051,5824,0),(8890,2051,7829,0),(8891,2052,5824,0),(8892,2052,7829,0),(8895,2053,5824,0),(8896,2053,7829,0),(8901,2057,5824,0),(8902,2057,7829,0),(8903,2058,5824,0),(8904,2058,7829,0),(8905,2059,5824,0),(8906,2059,7829,0),(8907,2060,5824,0),(8908,2060,7829,0),(8909,2014,7829,0),(8910,2061,5824,0),(8911,2061,7829,0),(8912,2062,5824,0),(8913,2062,7829,0),(8914,2063,5824,0),(8915,2063,7829,0),(8916,2064,5824,0),(8917,2064,7829,0),(8920,2066,5824,0),(8921,2066,7829,0),(8926,2065,5824,NULL),(8927,2065,7829,NULL),(8934,1936,5824,NULL),(8935,1936,7819,NULL),(8936,1899,5824,NULL),(8937,1899,7880,NULL),(8949,1833,28,NULL),(8951,1863,28,NULL),(8978,2070,5859,NULL),(8981,2071,5859,NULL),(8982,2072,5824,0),(8983,2072,7825,0),(8984,2068,5831,NULL),(8985,1920,10470,0),(8986,1953,10470,0),(8987,1962,10470,0),(8988,1829,10470,0),(8989,1923,10470,0),(8990,1954,10470,0),(8991,1993,10470,0),(8992,1878,10470,0),(8993,1879,10470,0),(8994,1880,10470,0),(8995,2072,10470,0),(8996,1876,10470,0),(8997,1887,10470,0),(8998,1893,10470,0),(8999,1905,10470,0),(9000,1881,7829,0),(9001,2073,5831,NULL),(9006,1833,5824,0),(9007,1833,7829,0),(9009,2074,5831,NULL),(9032,2077,5824,0),(9033,2077,7829,0),(9047,2078,5824,0),(9048,2078,10466,0),(9049,2079,5824,0),(9050,2079,10467,0),(9083,2054,28,NULL),(9120,2067,5824,NULL),(9121,2067,7829,NULL),(9128,2082,28,NULL),(9130,2081,5824,NULL),(9131,2081,7874,NULL),(9132,2080,5824,NULL),(9133,2080,7819,NULL),(9134,2076,28,NULL),(9183,2055,28,NULL),(9184,2056,5824,NULL),(9200,2090,28,NULL),(9203,2087,28,NULL),(9206,2084,28,NULL),(9208,2092,28,NULL),(9209,2093,28,NULL),(9212,2095,28,NULL),(9227,2097,5824,0),(9228,2097,7819,0),(9229,2098,5824,0),(9230,2098,7829,0),(9231,2099,5824,0),(9232,2099,7821,0),(9233,2100,5824,0),(9234,2100,7829,0),(9235,2101,5824,0),(9236,2101,7819,0),(9237,2102,5824,0),(9238,2102,7829,0),(9241,2103,5824,0),(9242,2103,7819,0),(9243,73,5824,0),(9244,73,7819,0),(9248,2083,28,NULL),(9251,2085,28,NULL),(9253,1860,28,NULL),(9257,1979,7819,0),(9258,1876,7880,0),(9259,2105,5824,0),(9260,2105,7829,0),(9262,2086,28,NULL),(9264,2106,5824,0),(9265,2106,7821,0),(9266,2107,5824,0),(9267,2107,7829,0),(9268,2034,10467,0),(9269,2108,5824,0),(9270,2108,10469,0),(9271,2079,10475,0),(9272,2109,5824,0),(9273,2109,7829,0),(9274,883,5824,0),(9275,883,10469,0),(9276,2036,10469,0),(9277,2110,5824,0),(9278,2110,7819,0),(9279,2111,5824,0),(9280,2111,7829,0),(9281,2112,5824,0),(9282,2112,7829,0),(9283,2113,5824,0),(9284,2113,7829,0),(9285,2114,5824,0),(9286,2114,7829,0),(9287,2115,5824,0),(9288,2115,7829,0),(9289,2116,5824,0),(9290,2116,7819,0),(9291,2117,5824,0),(9292,2117,7829,0),(9293,2118,5824,0),(9294,2118,7829,0),(9295,2119,5824,0),(9296,2119,7829,0),(9297,2120,5824,0),(9298,2120,7829,0),(9299,2121,5824,0),(9300,2121,7819,0),(9301,2122,5824,0),(9302,2122,7829,0),(9303,2123,5824,0),(9304,2123,7829,0),(9305,2124,5824,0),(9306,2124,7819,0),(9307,1997,7829,0),(9308,2125,5824,0),(9309,2125,7829,0),(9310,2126,5824,0),(9311,2126,7829,0),(9312,1908,7829,0),(9313,1958,7829,0),(9314,2127,5824,0),(9315,2127,7819,0),(9316,2128,5824,0),(9317,2128,10467,0),(9318,2129,5824,0),(9319,2129,10469,0),(9320,2130,5824,0),(9321,2130,7819,0),(9322,2131,5824,0),(9323,2131,7829,0),(9324,2132,5824,0),(9325,2132,7829,0),(9326,2133,5824,0),(9327,2133,7829,0),(9328,2134,5824,0),(9329,2134,7829,0),(9330,2135,5824,0),(9331,2135,7829,0),(9332,2136,5824,0),(9333,2136,7829,0),(9334,1978,7829,0),(9335,2137,5824,0),(9336,2137,7829,0),(9337,2138,5824,0),(9338,2138,7829,0),(9339,2139,5824,0),(9340,2139,7829,0),(9341,2140,5824,0),(9342,2140,7829,0),(9343,2141,5824,0),(9344,2141,7819,0),(9345,2142,5824,0),(9346,2142,7829,0),(9347,2143,5824,0),(9348,2143,7829,0),(9349,2144,5824,0),(9350,2144,7829,0),(9351,1935,7829,0),(9352,2006,7829,0),(9353,1951,7819,0),(9354,2145,5824,0),(9355,2145,7829,0),(9356,1924,7819,0),(9357,1891,7829,0),(9358,1993,7819,0),(9359,2146,5824,0),(9360,2146,7829,0),(9361,2147,5824,0),(9362,2147,7829,0),(9363,2148,5824,0),(9364,2148,7819,0),(9365,1967,7829,0),(9366,1954,7829,0),(9367,1943,7819,0),(9368,2149,5824,0),(9369,2149,7829,0),(9370,2150,5824,0),(9371,2150,7829,0),(9372,2151,5824,0),(9373,2151,7829,0),(9374,2152,5824,0),(9375,2152,7819,0),(9376,2153,5824,0),(9377,2153,7829,0),(9378,1932,7829,0),(9379,1923,7829,0),(9380,1930,7829,0),(9381,2154,5824,0),(9382,2154,7829,0),(9383,2022,7829,0),(9384,2155,5824,0),(9385,2155,7829,0),(9386,2156,5824,0),(9387,2156,7829,0),(9388,1980,7829,0),(9389,1892,7829,0),(9390,2094,28,NULL),(9393,2069,5831,NULL),(9394,2088,28,NULL),(9406,2157,5824,NULL),(9407,2157,7819,NULL),(9408,2104,5824,NULL),(9409,2104,7819,NULL),(9410,2104,7823,NULL),(9416,2030,28,NULL),(9417,2089,28,NULL),(9430,2075,5824,NULL),(9431,2075,7823,NULL),(9432,2075,28,NULL),(9433,2159,5824,0),(9434,2159,7829,0),(9447,2160,5831,NULL),(9448,2160,28,NULL),(9455,2161,5831,NULL),(9456,2161,28,NULL),(9459,887,28,NULL),(9461,2091,28,NULL),(9462,2162,7829,NULL),(9463,2163,5824,0),(9464,2163,7829,0),(9465,2164,5824,0),(9466,2164,7829,0),(9468,2158,5831,NULL),(9469,2165,5859,NULL),(9470,2010,7880,0),(9471,2166,5824,0),(9472,2166,10467,0),(9473,2078,10469,0),(9474,2167,5824,1),(9475,2167,7829,1),(9476,2085,11280,NULL),(9477,2104,11280,NULL),(9478,2096,28,NULL),(9479,1920,11281,0),(9481,1829,11281,0),(9482,1877,11281,0),(9483,1893,11281,0),(9484,73,11282,0),(9485,73,11281,0),(9486,2167,11282,1),(9488,1829,11282,0),(9489,1877,11282,0),(9490,2008,11282,0),(9491,2008,11281,0),(9492,2010,11282,0),(9493,2010,11281,0),(9494,2167,11281,1),(9495,2167,28,NULL),(9496,2168,28,NULL),(9497,2168,5833,NULL),(9498,2169,5824,0),(9499,2169,7819,0),(9500,2170,5824,0),(9501,2170,7829,0),(9502,2171,30,NULL),(9503,2172,5831,NULL),(9504,2173,5831,NULL),(9505,2174,28,NULL),(9506,2175,5824,0),(9507,2175,10466,0),(9508,2176,5824,0),(9509,2176,10469,0),(9510,2177,5824,0),(9511,2177,7819,0),(9512,2178,5824,0),(9513,2178,7829,0),(9514,2179,5824,0),(9515,2179,7829,0),(9516,2180,28,NULL),(9517,2181,28,NULL),(9518,2182,28,NULL),(9519,2183,28,NULL),(9521,2185,28,NULL),(9522,2186,28,NULL),(9523,2187,28,NULL),(9524,2188,28,NULL),(9525,2189,28,NULL),(9526,2190,28,NULL),(9527,2191,28,NULL),(9528,2192,28,NULL),(9529,2193,28,NULL),(9530,2194,28,NULL),(9531,2195,28,NULL),(9532,2196,28,NULL),(9533,2197,28,NULL),(9534,794,28,NULL),(9535,2198,28,NULL),(9536,2199,28,NULL),(9537,2200,28,NULL),(9538,2201,28,NULL),(9539,2202,5828,NULL),(9541,2203,11301,NULL),(9542,2197,11301,NULL),(9544,2204,28,NULL),(9545,2205,28,NULL),(9546,2206,28,NULL),(9547,2207,28,NULL),(9548,2207,11301,NULL),(9549,2204,11301,NULL),(9550,2204,11305,NULL),(9551,2205,11301,NULL),(9552,2205,11305,NULL),(9553,2201,11301,NULL),(9554,2201,11305,NULL),(9555,2198,11301,NULL),(9556,2198,11305,NULL),(9559,2208,11301,NULL),(9560,2208,11305,NULL),(9562,2184,11304,NULL),(9563,2196,11301,NULL),(9564,2196,11301,NULL),(9565,2185,11304,NULL),(9566,2186,11301,NULL),(9567,2209,11304,NULL),(9568,2210,11301,NULL),(9569,2208,11302,NULL),(9570,2208,11307,NULL),(9571,2208,11303,NULL),(9572,2208,11304,NULL),(9573,2208,11306,NULL),(9574,2208,11308,NULL),(9575,2211,11301,NULL),(9576,2211,11304,NULL),(9577,2211,11305,NULL),(9578,2187,11304,NULL),(9579,2187,11308,NULL),(9580,2212,28,NULL),(9581,2219,5824,0),(9582,2219,10466,0),(9583,1865,5824,0),(9584,1865,10467,0),(9585,2220,5824,0),(9586,2220,10469,0),(9587,2221,11585,NULL),(9588,2221,11283,NULL),(9589,2222,5824,0),(9590,2222,10467,0),(9591,2223,5824,0),(9592,2223,7819,0),(9593,2110,7821,0),(9594,1905,7823,0),(9595,2224,5824,0),(9596,2224,7829,0),(9597,1899,7825,0),(9598,2225,5824,0),(9599,2225,7825,0),(9600,2226,5824,0),(9601,2226,7819,0),(9602,1953,7821,0),(9603,1916,7819,0),(9604,1933,7821,0),(9605,1884,7823,0),(9606,2227,5824,0),(9607,2227,7829,0),(9608,2053,7819,0),(9609,1926,7829,0),(9610,2228,5824,0),(9611,2228,7829,0),(9612,192,7821,0),(9613,2229,5824,0),(9614,2229,7819,0),(9615,2230,5824,0),(9616,2230,7829,0),(9617,1962,7821,0),(9618,2231,5824,0),(9619,2231,7829,0),(9620,2232,5824,0),(9621,2232,7829,0),(9622,2233,5824,0),(9623,2233,7829,0),(9624,2234,5824,0),(9625,2234,7829,0),(9626,2178,7819,0),(9627,2235,5824,0),(9628,2235,7829,0),(9629,2236,5824,0),(9630,2236,7829,0),(9631,2237,5824,0),(9632,2237,7829,0),(9633,2238,5824,0),(9634,2238,7829,0),(9635,1964,7829,0),(9636,2239,5824,0),(9637,2239,7829,0),(9638,1904,7821,0),(9639,1833,10466,0),(9640,2240,5824,0),(9641,2240,10469,0),(9642,2241,5824,0),(9643,2241,10469,0),(9644,2242,5824,0),(9645,2242,10466,0),(9646,2243,5824,0),(9647,2243,10467,0),(9648,2244,5824,0),(9649,2244,10469,0),(9650,2245,5824,0),(9651,2245,10466,0),(9652,2246,5824,0),(9653,2246,10469,0),(9654,2247,5824,0),(9655,2247,10466,0),(9656,2248,5824,0),(9657,2248,10466,0),(9658,2249,5824,0),(9659,2249,10466,0),(9660,2250,5824,0),(9661,2250,10469,0),(9662,2251,5824,0),(9663,2251,10467,0),(9664,2252,5824,0),(9665,2252,10469,0),(9666,2253,5824,0),(9667,2253,10466,0),(9668,2254,5824,0),(9669,2254,10469,0),(9670,2255,5824,0),(9671,2255,10466,0),(9672,2256,5824,0),(9673,2256,10469,0),(9674,2257,5824,0),(9675,2257,7821,0),(9676,2258,5824,0),(9677,2258,7829,0),(9678,2259,5824,0),(9679,2259,7825,0),(9680,2260,5824,0),(9681,2260,7819,0),(9682,2261,5824,0),(9683,2261,7829,0),(9684,2262,5824,0),(9685,2262,7829,0),(9686,1978,7819,0),(9687,1988,7821,0),(9688,2263,5824,0),(9689,2263,7829,0),(9690,2264,5824,0),(9691,2264,7829,0),(9692,2265,5824,0),(9693,2265,7821,0),(9694,2266,5824,0),(9695,2266,7829,0),(9696,1956,7819,0),(9697,1959,7819,0),(9698,1939,7821,0),(9699,2267,5824,0),(9700,2267,7829,0),(9701,2268,5824,0),(9702,2268,7819,0),(9703,2269,5824,0),(9704,2269,7829,0),(9705,2270,5824,0),(9706,2270,10469,0),(9707,2271,5824,0),(9708,2271,7819,0),(9709,2272,5824,0),(9710,2272,7829,0),(9711,2273,5824,0),(9712,2273,10469,0),(9713,2274,5824,0),(9714,2274,7829,0),(9715,2275,5824,0),(9716,2275,10469,0),(9717,2276,5824,0),(9718,2276,10466,0),(9719,2277,5824,0),(9720,2277,10469,0),(9721,1921,7819,0),(9722,2278,5824,0),(9723,2278,7829,0),(9724,2279,5824,0),(9725,2279,7819,0),(9726,2280,5824,0),(9727,2280,7829,0),(9728,2281,5824,0),(9729,2281,7829,0),(9730,2282,5824,0),(9731,2282,7829,0),(9732,2126,7819,0),(9733,2283,5824,0),(9734,2283,7829,0),(9735,2284,5824,0),(9736,2284,7829,0),(9737,2285,5824,0),(9738,2285,7829,0),(9739,2286,5824,0),(9740,2286,7829,0),(9741,2287,5824,0),(9742,2287,7819,0),(9743,2288,5824,0),(9744,2288,10469,0),(9745,2289,5824,0),(9746,2289,7829,0),(9747,2290,5824,0),(9748,2290,10466,0),(9749,2291,5824,0),(9750,2291,10469,0),(9751,2292,5824,0),(9752,2292,7819,0),(9753,1901,7821,0),(9754,2293,5824,0),(9755,2293,7829,0),(9756,2294,5824,0),(9757,2294,7821,0),(9758,2295,5824,0),(9759,2295,7829,0),(9760,2296,5824,0),(9761,2296,10469,0),(9762,2297,5824,0),(9763,2297,7829,0),(9764,2298,5824,0),(9765,2298,7829,0),(9766,2299,5824,0),(9767,2299,10469,0),(9768,2300,5824,0),(9769,2300,7819,0),(9770,2301,5824,0),(9771,2301,7829,0),(9772,2302,5824,0),(9773,2302,7819,0),(9774,2303,5824,0),(9775,2303,7829,0),(9777,2304,5824,0),(9778,2304,10466,0),(9779,2305,5824,0),(9780,2305,10469,0),(9781,1968,7819,0),(9782,2306,5824,0),(9783,2307,5828,NULL),(9784,2305,10470,0),(9785,2309,28,NULL);
/*!40000 ALTER TABLE `tbl_user_groups` ENABLE KEYS */;
UNLOCK TABLES;

--
-- Table structure for table `tbl_user_tokens`
--

DROP TABLE IF EXISTS `tbl_user_tokens`;
/*!40101 SET @saved_cs_client     = @@character_set_client */;
/*!50503 SET character_set_client = utf8mb4 */;
CREATE TABLE `tbl_user_tokens` (
  `id` int NOT NULL AUTO_INCREMENT,
  `user_id` int NOT NULL,
  `access_token` text NOT NULL,
  `device_token` text,
  `last_login` datetime DEFAULT NULL,
  `added` timestamp NOT NULL DEFAULT CURRENT_TIMESTAMP,
  `created` datetime DEFAULT NULL,
  PRIMARY KEY (`id`),
  KEY `tbl_user_tokens_user_id` (`user_id`) USING BTREE
) ENGINE=InnoDB AUTO_INCREMENT=33023 DEFAULT CHARSET=latin1;
/*!40101 SET character_set_client = @saved_cs_client */;

--
-- Dumping data for table `tbl_user_tokens`
--

LOCK TABLES `tbl_user_tokens` WRITE;
/*!40000 ALTER TABLE `tbl_user_tokens` DISABLE KEYS */;
INSERT INTO `tbl_user_tokens` VALUES (33022,794,'64f5d84e74910dc4f78bd411be0dbfff',NULL,NULL,'2021-05-24 07:07:15','2021-05-24 07:07:15');
/*!40000 ALTER TABLE `tbl_user_tokens` ENABLE KEYS */;
UNLOCK TABLES;

--
-- Table structure for table `tbl_users`
--

DROP TABLE IF EXISTS `tbl_users`;
/*!40101 SET @saved_cs_client     = @@character_set_client */;
/*!50503 SET character_set_client = utf8mb4 */;
CREATE TABLE `tbl_users` (
  `id` int NOT NULL AUTO_INCREMENT,
  `parent_user_id` int DEFAULT NULL,
  `user_name` varchar(255) CHARACTER SET latin1 COLLATE latin1_swedish_ci NOT NULL,
  `password` varchar(255) CHARACTER SET latin1 NOT NULL,
  `name` varchar(255) CHARACTER SET latin1 NOT NULL,
  `email` varchar(255) CHARACTER SET latin1 DEFAULT NULL,
  `mobile` varchar(20) CHARACTER SET latin1 NOT NULL,
  `emp_code` varchar(45) CHARACTER SET latin1 DEFAULT NULL,
  `gender` tinyint(1) DEFAULT NULL,
  `user_type` varchar(50) CHARACTER SET latin1 DEFAULT NULL,
  `user_ref_id` int DEFAULT NULL,
  `bucket_size` int DEFAULT NULL,
  `ranking` int DEFAULT NULL,
  `customer_uuid` char(36) CHARACTER SET latin1 DEFAULT NULL,
  `sub_sources` varchar(255) CHARACTER SET latin1 DEFAULT NULL,
  `created_at` timestamp NOT NULL DEFAULT '0000-00-00 00:00:00',
  `modified_at` timestamp NOT NULL DEFAULT CURRENT_TIMESTAMP,
  `created_by` int DEFAULT NULL,
  `modified_by` int DEFAULT NULL,
  `status` tinyint(1) NOT NULL DEFAULT '1',
  `aggregator_id` int DEFAULT NULL,
  `is_deleted` tinyint(1) NOT NULL DEFAULT '0',
  `is_super_admin` tinyint(1) DEFAULT '0',
  `access_to_own_team_only` tinyint(1) DEFAULT '0',
  `own_team_group_id` int DEFAULT NULL,
  `allowed_allocation` tinyint(1) DEFAULT '0',
  `is_task_assigned` tinyint(1) DEFAULT '0',
  `is_login` tinyint(1) DEFAULT '0',
  `location_region_id` int DEFAULT NULL,
  `sfa_user_id` int DEFAULT NULL,
  `show_region_ticket_only` tinyint(1) DEFAULT '0',
  PRIMARY KEY (`id`),
  UNIQUE KEY `user_name_UNIQUE` (`user_name`),
  UNIQUE KEY `mobile_UNIQUE` (`mobile`),
  UNIQUE KEY `email_UNIQUE` (`email`)
) ENGINE=InnoDB AUTO_INCREMENT=2310 DEFAULT CHARSET=utf8 COLLATE=utf8_unicode_ci;
/*!40101 SET character_set_client = @saved_cs_client */;

--
-- Dumping data for table `tbl_users`
--

LOCK TABLES `tbl_users` WRITE;
/*!40000 ALTER TABLE `tbl_users` DISABLE KEYS */;
INSERT INTO `tbl_users` VALUES (794,0,'ucdmanager','$2y$11$qrI5no8jMrwBYrM0f1vb7egZzdfgzAgt8d3xVH9MkR9fVnWVjqehG','ucd manager','dsjskdhf@jsf.com','9680269080',NULL,2,NULL,NULL,NULL,NULL,'','','2017-03-28 04:06:02','2020-11-03 00:16:27',NULL,NULL,1,0,0,1,0,NULL,0,0,1,NULL,NULL,0),(2309,NULL,'umardeen.saifi@insurancedekho.com','$2y$11$qCyTMTe1J5KctNF6/nmq7epQ4oivK025GDvkrVjxMxx3nnQ5.a/v6','Umardeen','umardeen.saifi@insurancedekho.com','9971081471',NULL,2,'itms',NULL,0,0,NULL,NULL,'2021-05-24 04:33:45','2021-05-24 05:39:10',NULL,NULL,1,NULL,0,0,0,0,0,0,0,NULL,NULL,0);
/*!40000 ALTER TABLE `tbl_users` ENABLE KEYS */;
UNLOCK TABLES;
/*!40103 SET TIME_ZONE=@OLD_TIME_ZONE */;

/*!40101 SET SQL_MODE=@OLD_SQL_MODE */;
/*!40014 SET FOREIGN_KEY_CHECKS=@OLD_FOREIGN_KEY_CHECKS */;
/*!40014 SET UNIQUE_CHECKS=@OLD_UNIQUE_CHECKS */;
/*!40101 SET CHARACTER_SET_CLIENT=@OLD_CHARACTER_SET_CLIENT */;
/*!40101 SET CHARACTER_SET_RESULTS=@OLD_CHARACTER_SET_RESULTS */;
/*!40101 SET COLLATION_CONNECTION=@OLD_COLLATION_CONNECTION */;
/*!40111 SET SQL_NOTES=@OLD_SQL_NOTES */;

-- Dump completed on 2021-05-28 14:08:01

